customer_id,city,segment,plan_type,churn_probability,run_ts
9c5fb355,Edomex,low,basic,0.96,2026-02-16 20:29:45.872097
64deb5c7,Querétaro,low,basic,0.956,2026-02-16 20:29:45.872097
95f6953b,Puebla,low,basic,0.952,2026-02-16 20:29:45.872097
3b5c1caa,CDMX,low,basic,0.948,2026-02-16 20:29:45.872097
81795aff,Monterrey,low,basic,0.942,2026-02-16 20:29:45.872097
ece1629d,CDMX,mid,basic,0.942,2026-02-16 20:29:45.872097
ba5148ce,Edomex,low,pro,0.938,2026-02-16 20:29:45.872097
d1089d6a,CDMX,mid,plus,0.936,2026-02-16 20:29:45.872097
ea44fbdd,Edomex,mid,basic,0.936,2026-02-16 20:29:45.872097
a7fe1c1b,Edomex,low,basic,0.932,2026-02-16 20:29:45.872097
5b3dbd07,CDMX,mid,plus,0.932,2026-02-16 20:29:45.872097
223e36f2,CDMX,low,plus,0.928,2026-02-16 20:29:45.872097
4c635fcc,Guadalajara,mid,basic,0.928,2026-02-16 20:29:45.872097
37a54797,CDMX,low,plus,0.926,2026-02-16 20:29:45.872097
0cc35ea3,Edomex,low,basic,0.924,2026-02-16 20:29:45.872097
c31ff321,CDMX,low,basic,0.924,2026-02-16 20:29:45.872097
6e4bb4f3,Edomex,low,basic,0.924,2026-02-16 20:29:45.872097
42d6b167,CDMX,mid,plus,0.924,2026-02-16 20:29:45.872097
9c0ff8e6,CDMX,high,basic,0.92,2026-02-16 20:29:45.872097
070ca5e5,Edomex,low,pro,0.918,2026-02-16 20:29:45.872097
14b3d68a,CDMX,low,pro,0.918,2026-02-16 20:29:45.872097
6b8e352a,Edomex,low,pro,0.918,2026-02-16 20:29:45.872097
327fb503,Edomex,low,basic,0.916,2026-02-16 20:29:45.872097
94f691d1,CDMX,low,basic,0.916,2026-02-16 20:29:45.872097
aab91cae,Edomex,mid,plus,0.916,2026-02-16 20:29:45.872097
f667ee38,Puebla,low,basic,0.914,2026-02-16 20:29:45.872097
3c3b461c,Guadalajara,low,basic,0.914,2026-02-16 20:29:45.872097
b447dd70,CDMX,low,basic,0.914,2026-02-16 20:29:45.872097
026b5c2d,Monterrey,low,plus,0.914,2026-02-16 20:29:45.872097
f5cd8a8d,Guadalajara,low,basic,0.912,2026-02-16 20:29:45.872097
33d573ce,Guadalajara,high,basic,0.91,2026-02-16 20:29:45.872097
b7dfee86,CDMX,high,basic,0.91,2026-02-16 20:29:45.872097
f5df6de4,Edomex,low,basic,0.91,2026-02-16 20:29:45.872097
e9159f85,Querétaro,low,pro,0.908,2026-02-16 20:29:45.872097
39c27701,Edomex,mid,basic,0.908,2026-02-16 20:29:45.872097
e6206727,CDMX,low,plus,0.908,2026-02-16 20:29:45.872097
92929a73,Edomex,high,basic,0.908,2026-02-16 20:29:45.872097
2a7dd23d,Puebla,low,basic,0.906,2026-02-16 20:29:45.872097
237bed6b,CDMX,low,basic,0.906,2026-02-16 20:29:45.872097
2cdc1e95,Edomex,low,basic,0.906,2026-02-16 20:29:45.872097
90b99c77,Edomex,low,basic,0.906,2026-02-16 20:29:45.872097
d6ba4dbf,Edomex,low,basic,0.906,2026-02-16 20:29:45.872097
f0ebf8d7,Querétaro,low,basic,0.904,2026-02-16 20:29:45.872097
99840038,Querétaro,mid,basic,0.904,2026-02-16 20:29:45.872097
70045d4b,CDMX,mid,basic,0.904,2026-02-16 20:29:45.872097
0af7b409,Puebla,low,basic,0.902,2026-02-16 20:29:45.872097
8e27ead6,CDMX,mid,basic,0.902,2026-02-16 20:29:45.872097
a03659fb,CDMX,low,pro,0.902,2026-02-16 20:29:45.872097
1e694891,Edomex,low,basic,0.9,2026-02-16 20:29:45.872097
1e235755,Puebla,low,basic,0.9,2026-02-16 20:29:45.872097
eca4f25f,Puebla,low,pro,0.9,2026-02-16 20:29:45.872097
83636b97,Puebla,low,basic,0.898,2026-02-16 20:29:45.872097
36d48fcb,Edomex,mid,plus,0.898,2026-02-16 20:29:45.872097
16b0e823,Edomex,low,basic,0.898,2026-02-16 20:29:45.872097
fd75d588,CDMX,low,basic,0.896,2026-02-16 20:29:45.872097
dcb7260e,Querétaro,mid,plus,0.896,2026-02-16 20:29:45.872097
c7f4ec15,Edomex,low,plus,0.894,2026-02-16 20:29:45.872097
98fdae97,Puebla,low,basic,0.894,2026-02-16 20:29:45.872097
b460803f,Edomex,low,plus,0.894,2026-02-16 20:29:45.872097
1aeeb914,CDMX,low,basic,0.894,2026-02-16 20:29:45.872097
ce3fed25,Edomex,low,basic,0.892,2026-02-16 20:29:45.872097
4274ce7f,Edomex,high,basic,0.892,2026-02-16 20:29:45.872097
427fb4e4,CDMX,low,basic,0.892,2026-02-16 20:29:45.872097
01dddcc1,Edomex,mid,basic,0.892,2026-02-16 20:29:45.872097
94033483,CDMX,low,basic,0.892,2026-02-16 20:29:45.872097
4b6502db,CDMX,mid,plus,0.89,2026-02-16 20:29:45.872097
757a4dbb,CDMX,low,pro,0.89,2026-02-16 20:29:45.872097
8630a432,CDMX,low,plus,0.888,2026-02-16 20:29:45.872097
c23eda67,Edomex,low,basic,0.888,2026-02-16 20:29:45.872097
279dbd4a,CDMX,low,basic,0.888,2026-02-16 20:29:45.872097
55dc1ddd,Edomex,low,basic,0.886,2026-02-16 20:29:45.872097
63fdc1a7,CDMX,low,basic,0.886,2026-02-16 20:29:45.872097
e21646f7,Edomex,low,basic,0.886,2026-02-16 20:29:45.872097
7da8859f,Edomex,low,basic,0.886,2026-02-16 20:29:45.872097
38f4347c,Querétaro,low,basic,0.884,2026-02-16 20:29:45.872097
96f76e87,Guadalajara,low,basic,0.884,2026-02-16 20:29:45.872097
d2708558,Guadalajara,low,basic,0.884,2026-02-16 20:29:45.872097
8d1cb0d9,CDMX,low,basic,0.884,2026-02-16 20:29:45.872097
fff1e8f0,Guadalajara,high,basic,0.884,2026-02-16 20:29:45.872097
8f8c3e19,CDMX,mid,plus,0.884,2026-02-16 20:29:45.872097
8ceb41c8,Querétaro,low,plus,0.884,2026-02-16 20:29:45.872097
75893769,Edomex,low,basic,0.882,2026-02-16 20:29:45.872097
7e38edb0,CDMX,low,basic,0.882,2026-02-16 20:29:45.872097
09e1c5ab,CDMX,low,plus,0.882,2026-02-16 20:29:45.872097
071ad81c,Edomex,high,basic,0.882,2026-02-16 20:29:45.872097
6af62df7,CDMX,low,plus,0.882,2026-02-16 20:29:45.872097
b29719f2,CDMX,low,plus,0.882,2026-02-16 20:29:45.872097
509542b8,Querétaro,low,basic,0.882,2026-02-16 20:29:45.872097
2546b310,Guadalajara,low,basic,0.88,2026-02-16 20:29:45.872097
971ce4cc,CDMX,high,basic,0.88,2026-02-16 20:29:45.872097
66a7e029,CDMX,low,basic,0.878,2026-02-16 20:29:45.872097
a42663d4,Monterrey,low,plus,0.876,2026-02-16 20:29:45.872097
a0b3f8a8,Guadalajara,low,basic,0.876,2026-02-16 20:29:45.872097
6bb34bfc,Edomex,low,basic,0.876,2026-02-16 20:29:45.872097
a7e0770c,Edomex,low,basic,0.874,2026-02-16 20:29:45.872097
8bd5d403,CDMX,mid,basic,0.874,2026-02-16 20:29:45.872097
858090c4,Monterrey,low,basic,0.872,2026-02-16 20:29:45.872097
04de9e65,CDMX,low,basic,0.87,2026-02-16 20:29:45.872097
d2db56fe,Edomex,mid,plus,0.87,2026-02-16 20:29:45.872097
f687afd6,CDMX,high,basic,0.87,2026-02-16 20:29:45.872097
262c48a1,CDMX,low,pro,0.87,2026-02-16 20:29:45.872097
170a9bfd,CDMX,low,basic,0.87,2026-02-16 20:29:45.872097
61403b01,Guadalajara,mid,plus,0.87,2026-02-16 20:29:45.872097
9d402a36,Edomex,low,basic,0.868,2026-02-16 20:29:45.872097
50986e0b,Puebla,mid,basic,0.868,2026-02-16 20:29:45.872097
d68ba4a0,Edomex,mid,basic,0.868,2026-02-16 20:29:45.872097
0dda672a,CDMX,mid,plus,0.866,2026-02-16 20:29:45.872097
ca4de204,Puebla,low,basic,0.866,2026-02-16 20:29:45.872097
9563ccad,Puebla,low,basic,0.866,2026-02-16 20:29:45.872097
a4770481,CDMX,low,basic,0.866,2026-02-16 20:29:45.872097
ba3470c1,Puebla,mid,plus,0.866,2026-02-16 20:29:45.872097
dd50d0a1,CDMX,low,basic,0.864,2026-02-16 20:29:45.872097
b0532def,CDMX,low,plus,0.864,2026-02-16 20:29:45.872097
961fc967,CDMX,low,basic,0.864,2026-02-16 20:29:45.872097
9ed5b2d4,Guadalajara,low,basic,0.864,2026-02-16 20:29:45.872097
1d0bb7ea,Edomex,high,basic,0.864,2026-02-16 20:29:45.872097
b55f60c1,Edomex,low,basic,0.864,2026-02-16 20:29:45.872097
b5e00b99,Guadalajara,high,basic,0.862,2026-02-16 20:29:45.872097
83032d1c,Guadalajara,low,pro,0.862,2026-02-16 20:29:45.872097
b3b70ff8,Edomex,mid,basic,0.862,2026-02-16 20:29:45.872097
7e8790eb,Guadalajara,low,basic,0.86,2026-02-16 20:29:45.872097
c87762ac,CDMX,low,plus,0.86,2026-02-16 20:29:45.872097
aa9d881c,Edomex,low,pro,0.86,2026-02-16 20:29:45.872097
eb4fdcc0,CDMX,low,basic,0.86,2026-02-16 20:29:45.872097
3a176dc4,Querétaro,low,basic,0.86,2026-02-16 20:29:45.872097
510f530d,Querétaro,low,basic,0.86,2026-02-16 20:29:45.872097
4e3dd11c,CDMX,low,basic,0.86,2026-02-16 20:29:45.872097
c8a95f9d,CDMX,low,basic,0.86,2026-02-16 20:29:45.872097
4bee0849,CDMX,low,basic,0.86,2026-02-16 20:29:45.872097
6dd16466,Edomex,low,basic,0.858,2026-02-16 20:29:45.872097
119fbd3a,CDMX,mid,plus,0.858,2026-02-16 20:29:45.872097
1b7f6d37,Edomex,low,basic,0.858,2026-02-16 20:29:45.872097
28357836,CDMX,high,basic,0.858,2026-02-16 20:29:45.872097
11a4c976,Edomex,low,pro,0.858,2026-02-16 20:29:45.872097
aeffa852,Monterrey,mid,basic,0.856,2026-02-16 20:29:45.872097
c8a09d23,Monterrey,mid,basic,0.856,2026-02-16 20:29:45.872097
7b73c808,Guadalajara,mid,basic,0.856,2026-02-16 20:29:45.872097
a7fc4da7,Puebla,mid,basic,0.856,2026-02-16 20:29:45.872097
6b0ca8ec,CDMX,low,basic,0.856,2026-02-16 20:29:45.872097
8ea27c76,Monterrey,low,basic,0.854,2026-02-16 20:29:45.872097
5767733f,CDMX,low,basic,0.854,2026-02-16 20:29:45.872097
75f7a03e,Edomex,low,basic,0.854,2026-02-16 20:29:45.872097
f6211117,Guadalajara,high,basic,0.854,2026-02-16 20:29:45.872097
83332e97,CDMX,mid,basic,0.854,2026-02-16 20:29:45.872097
68945b74,Edomex,low,basic,0.854,2026-02-16 20:29:45.872097
c786a331,CDMX,mid,basic,0.854,2026-02-16 20:29:45.872097
13347cce,Guadalajara,mid,basic,0.854,2026-02-16 20:29:45.872097
c2de3f6e,Monterrey,low,basic,0.854,2026-02-16 20:29:45.872097
8a1e41b5,Edomex,low,basic,0.854,2026-02-16 20:29:45.872097
055e1e8e,CDMX,high,basic,0.854,2026-02-16 20:29:45.872097
4ad4b344,Edomex,low,basic,0.852,2026-02-16 20:29:45.872097
9100b6c7,Guadalajara,mid,basic,0.852,2026-02-16 20:29:45.872097
1b76f451,Monterrey,low,basic,0.852,2026-02-16 20:29:45.872097
c317f71f,Guadalajara,mid,plus,0.852,2026-02-16 20:29:45.872097
d9caf46d,Querétaro,low,basic,0.852,2026-02-16 20:29:45.872097
29bfacb9,Puebla,mid,basic,0.852,2026-02-16 20:29:45.872097
02e09aa4,Guadalajara,mid,plus,0.852,2026-02-16 20:29:45.872097
3b8d7410,Edomex,low,basic,0.852,2026-02-16 20:29:45.872097
15c00980,Guadalajara,mid,basic,0.85,2026-02-16 20:29:45.872097
1cb4fde4,Puebla,low,basic,0.85,2026-02-16 20:29:45.872097
bb152ea4,Edomex,low,plus,0.85,2026-02-16 20:29:45.872097
294cc2d3,CDMX,low,pro,0.85,2026-02-16 20:29:45.872097
a37d5ae2,Monterrey,low,basic,0.85,2026-02-16 20:29:45.872097
145c241d,Edomex,high,plus,0.85,2026-02-16 20:29:45.872097
de34ba4a,Puebla,mid,basic,0.848,2026-02-16 20:29:45.872097
ea7bc475,CDMX,low,basic,0.848,2026-02-16 20:29:45.872097
8f41f7ed,CDMX,low,basic,0.848,2026-02-16 20:29:45.872097
4588b9cf,Monterrey,low,basic,0.848,2026-02-16 20:29:45.872097
21472da3,Querétaro,low,basic,0.848,2026-02-16 20:29:45.872097
96b93de4,Edomex,low,basic,0.848,2026-02-16 20:29:45.872097
74ef1e1d,Guadalajara,mid,basic,0.848,2026-02-16 20:29:45.872097
ef520288,Querétaro,low,plus,0.846,2026-02-16 20:29:45.872097
0f7c74ed,Edomex,low,basic,0.846,2026-02-16 20:29:45.872097
4440b233,Guadalajara,mid,basic,0.846,2026-02-16 20:29:45.872097
3f713260,CDMX,low,basic,0.846,2026-02-16 20:29:45.872097
23521400,CDMX,low,basic,0.846,2026-02-16 20:29:45.872097
f54f20a7,Edomex,mid,basic,0.846,2026-02-16 20:29:45.872097
05ab4f2b,Edomex,low,basic,0.846,2026-02-16 20:29:45.872097
13b6bfb3,Edomex,low,basic,0.846,2026-02-16 20:29:45.872097
5c195c2b,CDMX,mid,basic,0.846,2026-02-16 20:29:45.872097
f280a672,Querétaro,low,basic,0.844,2026-02-16 20:29:45.872097
9522b007,CDMX,low,basic,0.844,2026-02-16 20:29:45.872097
0128ea52,Guadalajara,low,basic,0.844,2026-02-16 20:29:45.872097
476eb1e5,Monterrey,mid,basic,0.844,2026-02-16 20:29:45.872097
17a134dd,Monterrey,low,basic,0.844,2026-02-16 20:29:45.872097
4bb032f5,Puebla,low,basic,0.844,2026-02-16 20:29:45.872097
4ead339b,Monterrey,low,basic,0.844,2026-02-16 20:29:45.872097
854f238a,Monterrey,low,basic,0.844,2026-02-16 20:29:45.872097
8f29f97c,CDMX,low,basic,0.844,2026-02-16 20:29:45.872097
cfe19145,Monterrey,low,basic,0.844,2026-02-16 20:29:45.872097
be216cab,Monterrey,low,plus,0.842,2026-02-16 20:29:45.872097
ec28fccd,Guadalajara,low,basic,0.842,2026-02-16 20:29:45.872097
a752e3c2,Monterrey,mid,basic,0.842,2026-02-16 20:29:45.872097
903bbf7e,Monterrey,high,basic,0.842,2026-02-16 20:29:45.872097
d08f315c,Edomex,low,basic,0.842,2026-02-16 20:29:45.872097
e7afbe11,Monterrey,mid,basic,0.842,2026-02-16 20:29:45.872097
76439609,CDMX,mid,plus,0.842,2026-02-16 20:29:45.872097
059d6ab5,Edomex,low,basic,0.842,2026-02-16 20:29:45.872097
4caa530d,CDMX,low,basic,0.842,2026-02-16 20:29:45.872097
330b1c38,CDMX,low,pro,0.842,2026-02-16 20:29:45.872097
0c63a457,Edomex,low,basic,0.842,2026-02-16 20:29:45.872097
5399de19,Puebla,low,basic,0.84,2026-02-16 20:29:45.872097
14972aab,Guadalajara,mid,plus,0.84,2026-02-16 20:29:45.872097
ba841c35,Guadalajara,low,basic,0.84,2026-02-16 20:29:45.872097
e9503067,Edomex,low,pro,0.84,2026-02-16 20:29:45.872097
4bed83a6,CDMX,low,basic,0.84,2026-02-16 20:29:45.872097
46ca6b2f,Querétaro,low,basic,0.84,2026-02-16 20:29:45.872097
6a58e2c8,Guadalajara,low,basic,0.84,2026-02-16 20:29:45.872097
6a419a8e,Edomex,mid,basic,0.84,2026-02-16 20:29:45.872097
bd0c5e2a,CDMX,mid,basic,0.84,2026-02-16 20:29:45.872097
fbe77fdf,CDMX,low,plus,0.838,2026-02-16 20:29:45.872097
d8203587,Edomex,mid,basic,0.838,2026-02-16 20:29:45.872097
212ba621,Edomex,mid,basic,0.838,2026-02-16 20:29:45.872097
fff10e4a,CDMX,low,basic,0.838,2026-02-16 20:29:45.872097
827f48cb,CDMX,low,pro,0.838,2026-02-16 20:29:45.872097
f1270fd8,Edomex,mid,plus,0.836,2026-02-16 20:29:45.872097
8304ce50,CDMX,low,plus,0.836,2026-02-16 20:29:45.872097
b82c98cb,CDMX,mid,basic,0.836,2026-02-16 20:29:45.872097
53faebd4,Edomex,mid,plus,0.836,2026-02-16 20:29:45.872097
35474a57,CDMX,low,basic,0.836,2026-02-16 20:29:45.872097
217f5329,Puebla,low,plus,0.836,2026-02-16 20:29:45.872097
1ff3ea6f,CDMX,low,basic,0.836,2026-02-16 20:29:45.872097
0357ff98,CDMX,high,basic,0.836,2026-02-16 20:29:45.872097
856f3f70,CDMX,low,basic,0.836,2026-02-16 20:29:45.872097
c65ad6be,Monterrey,high,basic,0.836,2026-02-16 20:29:45.872097
ca131aa9,CDMX,high,plus,0.834,2026-02-16 20:29:45.872097
b3f14edd,Edomex,mid,basic,0.834,2026-02-16 20:29:45.872097
b60f4c00,Edomex,low,plus,0.834,2026-02-16 20:29:45.872097
47756631,Edomex,low,basic,0.834,2026-02-16 20:29:45.872097
5dc7a19d,CDMX,low,basic,0.834,2026-02-16 20:29:45.872097
b9277d22,CDMX,low,basic,0.834,2026-02-16 20:29:45.872097
7e8ad36c,Monterrey,low,basic,0.834,2026-02-16 20:29:45.872097
0a0912e5,Edomex,mid,basic,0.834,2026-02-16 20:29:45.872097
f1e56ebb,CDMX,low,basic,0.834,2026-02-16 20:29:45.872097
f79c78b0,CDMX,mid,basic,0.834,2026-02-16 20:29:45.872097
fbe50e7c,CDMX,mid,plus,0.834,2026-02-16 20:29:45.872097
82bbb6dd,Edomex,low,basic,0.834,2026-02-16 20:29:45.872097
9e7fd4c7,Monterrey,low,basic,0.834,2026-02-16 20:29:45.872097
fba38c5d,CDMX,low,basic,0.834,2026-02-16 20:29:45.872097
15853979,Puebla,low,basic,0.832,2026-02-16 20:29:45.872097
c70f7553,Guadalajara,low,basic,0.832,2026-02-16 20:29:45.872097
88d1b009,CDMX,low,pro,0.832,2026-02-16 20:29:45.872097
6a9b2c82,CDMX,mid,basic,0.832,2026-02-16 20:29:45.872097
63b78f88,CDMX,low,basic,0.832,2026-02-16 20:29:45.872097
72843a65,Querétaro,low,basic,0.832,2026-02-16 20:29:45.872097
38dc5bad,Edomex,low,basic,0.832,2026-02-16 20:29:45.872097
16b87623,Monterrey,high,basic,0.832,2026-02-16 20:29:45.872097
3356e775,Monterrey,mid,basic,0.832,2026-02-16 20:29:45.872097
b696d650,Guadalajara,low,basic,0.832,2026-02-16 20:29:45.872097
c585f36d,CDMX,low,basic,0.832,2026-02-16 20:29:45.872097
5d3a06fc,Edomex,high,pro,0.832,2026-02-16 20:29:45.872097
d150cb13,CDMX,low,basic,0.832,2026-02-16 20:29:45.872097
a9dfe1fc,Guadalajara,low,plus,0.832,2026-02-16 20:29:45.872097
85a02d7a,Edomex,low,pro,0.83,2026-02-16 20:29:45.872097
66df6056,Edomex,low,basic,0.83,2026-02-16 20:29:45.872097
040019f3,Edomex,low,basic,0.83,2026-02-16 20:29:45.872097
5edba500,Edomex,low,basic,0.83,2026-02-16 20:29:45.872097
67ce8077,Monterrey,low,basic,0.83,2026-02-16 20:29:45.872097
e35e5b04,Monterrey,mid,basic,0.83,2026-02-16 20:29:45.872097
cef070a2,Guadalajara,high,basic,0.83,2026-02-16 20:29:45.872097
55118e15,Querétaro,low,basic,0.83,2026-02-16 20:29:45.872097
088f10a6,Edomex,low,basic,0.83,2026-02-16 20:29:45.872097
8c81a68c,Edomex,mid,plus,0.83,2026-02-16 20:29:45.872097
b469c032,CDMX,mid,basic,0.83,2026-02-16 20:29:45.872097
c612f7df,Edomex,low,basic,0.83,2026-02-16 20:29:45.872097
45df409a,CDMX,mid,basic,0.83,2026-02-16 20:29:45.872097
d7644108,CDMX,low,basic,0.83,2026-02-16 20:29:45.872097
83fa3bc5,CDMX,high,basic,0.83,2026-02-16 20:29:45.872097
74263bc7,Querétaro,low,basic,0.83,2026-02-16 20:29:45.872097
549afae4,CDMX,mid,basic,0.83,2026-02-16 20:29:45.872097
cad47f71,Guadalajara,low,basic,0.83,2026-02-16 20:29:45.872097
dfe5133f,CDMX,low,basic,0.828,2026-02-16 20:29:45.872097
7e4713d1,CDMX,low,basic,0.828,2026-02-16 20:29:45.872097
198c0ce1,CDMX,low,basic,0.828,2026-02-16 20:29:45.872097
e3ecada2,CDMX,low,basic,0.828,2026-02-16 20:29:45.872097
4234bd9b,CDMX,high,basic,0.828,2026-02-16 20:29:45.872097
e5470509,Edomex,mid,basic,0.828,2026-02-16 20:29:45.872097
fe429c58,Puebla,mid,basic,0.828,2026-02-16 20:29:45.872097
2fac005c,CDMX,low,basic,0.828,2026-02-16 20:29:45.872097
574e0570,Guadalajara,mid,basic,0.828,2026-02-16 20:29:45.872097
8e0567e7,CDMX,low,basic,0.828,2026-02-16 20:29:45.872097
af7a006b,Edomex,high,basic,0.828,2026-02-16 20:29:45.872097
2ffc1996,Querétaro,high,basic,0.826,2026-02-16 20:29:45.872097
ff907a5f,CDMX,low,plus,0.826,2026-02-16 20:29:45.872097
cd8182d9,Guadalajara,mid,basic,0.826,2026-02-16 20:29:45.872097
366dfd19,Edomex,low,basic,0.826,2026-02-16 20:29:45.872097
8d1fb77d,CDMX,low,basic,0.826,2026-02-16 20:29:45.872097
bf33dac1,CDMX,mid,pro,0.826,2026-02-16 20:29:45.872097
e9f94fe3,Edomex,mid,plus,0.826,2026-02-16 20:29:45.872097
09055b32,CDMX,low,basic,0.826,2026-02-16 20:29:45.872097
ef7c766f,Edomex,low,plus,0.824,2026-02-16 20:29:45.872097
5fc99607,Edomex,low,basic,0.824,2026-02-16 20:29:45.872097
a83706dc,Querétaro,low,basic,0.824,2026-02-16 20:29:45.872097
c2b7b77f,CDMX,low,basic,0.824,2026-02-16 20:29:45.872097
5f0f8295,Edomex,low,basic,0.824,2026-02-16 20:29:45.872097
da187346,Monterrey,low,basic,0.824,2026-02-16 20:29:45.872097
4819b40b,Edomex,low,basic,0.824,2026-02-16 20:29:45.872097
0b388ebd,Puebla,mid,basic,0.824,2026-02-16 20:29:45.872097
e30cf5da,Guadalajara,low,basic,0.824,2026-02-16 20:29:45.872097
cac37bb8,Edomex,mid,basic,0.822,2026-02-16 20:29:45.872097
0e6ea668,Monterrey,low,basic,0.822,2026-02-16 20:29:45.872097
2353caa5,Edomex,low,basic,0.822,2026-02-16 20:29:45.872097
d31bdc6b,CDMX,low,basic,0.822,2026-02-16 20:29:45.872097
c6feb0fe,CDMX,low,basic,0.822,2026-02-16 20:29:45.872097
e907315a,Edomex,low,basic,0.822,2026-02-16 20:29:45.872097
46b4d204,CDMX,mid,basic,0.822,2026-02-16 20:29:45.872097
92072ca4,Monterrey,mid,basic,0.822,2026-02-16 20:29:45.872097
1003e065,Puebla,low,basic,0.822,2026-02-16 20:29:45.872097
2267b95a,CDMX,low,basic,0.822,2026-02-16 20:29:45.872097
c9d0b6f9,Edomex,low,basic,0.822,2026-02-16 20:29:45.872097
aef53179,Guadalajara,low,plus,0.822,2026-02-16 20:29:45.872097
8904cc43,Guadalajara,low,basic,0.822,2026-02-16 20:29:45.872097
02d2dac7,Puebla,low,basic,0.822,2026-02-16 20:29:45.872097
0d551194,Edomex,low,basic,0.822,2026-02-16 20:29:45.872097
3d4f19d4,CDMX,mid,pro,0.822,2026-02-16 20:29:45.872097
717bca31,Monterrey,mid,basic,0.822,2026-02-16 20:29:45.872097
35befe8a,Edomex,low,basic,0.822,2026-02-16 20:29:45.872097
23a9ab17,Edomex,low,basic,0.82,2026-02-16 20:29:45.872097
735e884d,Edomex,mid,basic,0.82,2026-02-16 20:29:45.872097
d938fad3,Monterrey,low,basic,0.82,2026-02-16 20:29:45.872097
83b91ef1,Monterrey,low,basic,0.82,2026-02-16 20:29:45.872097
265caf27,CDMX,low,basic,0.82,2026-02-16 20:29:45.872097
a16ca042,Monterrey,low,basic,0.82,2026-02-16 20:29:45.872097
32472c3f,Monterrey,low,basic,0.82,2026-02-16 20:29:45.872097
918c829a,CDMX,low,basic,0.82,2026-02-16 20:29:45.872097
bf2d9a38,CDMX,low,basic,0.82,2026-02-16 20:29:45.872097
74a26aa2,CDMX,mid,basic,0.82,2026-02-16 20:29:45.872097
934c3fb0,Guadalajara,low,basic,0.82,2026-02-16 20:29:45.872097
1be9e9e0,Guadalajara,mid,plus,0.82,2026-02-16 20:29:45.872097
e0f9da1f,Edomex,mid,basic,0.82,2026-02-16 20:29:45.872097
57d5630b,CDMX,low,basic,0.82,2026-02-16 20:29:45.872097
a9201287,Monterrey,low,basic,0.82,2026-02-16 20:29:45.872097
14b451ab,Puebla,low,plus,0.818,2026-02-16 20:29:45.872097
cca9ce9d,CDMX,low,basic,0.818,2026-02-16 20:29:45.872097
5a0a5095,Querétaro,low,basic,0.818,2026-02-16 20:29:45.872097
1d71f14b,Querétaro,mid,basic,0.818,2026-02-16 20:29:45.872097
6063465a,CDMX,high,basic,0.818,2026-02-16 20:29:45.872097
c3efeff3,Querétaro,low,basic,0.818,2026-02-16 20:29:45.872097
8e32939c,Guadalajara,mid,basic,0.818,2026-02-16 20:29:45.872097
7396520b,Edomex,low,basic,0.818,2026-02-16 20:29:45.872097
f274d679,CDMX,low,basic,0.818,2026-02-16 20:29:45.872097
a05b7193,CDMX,mid,plus,0.818,2026-02-16 20:29:45.872097
4a35f5e9,Monterrey,high,plus,0.818,2026-02-16 20:29:45.872097
1fcfbe8b,Monterrey,low,basic,0.818,2026-02-16 20:29:45.872097
6d944cde,CDMX,mid,basic,0.818,2026-02-16 20:29:45.872097
2adc15a2,Edomex,mid,basic,0.818,2026-02-16 20:29:45.872097
a2a8555c,Edomex,low,basic,0.818,2026-02-16 20:29:45.872097
900b90d9,Edomex,low,plus,0.818,2026-02-16 20:29:45.872097
c9629666,Edomex,mid,pro,0.818,2026-02-16 20:29:45.872097
3913bcca,Querétaro,low,basic,0.818,2026-02-16 20:29:45.872097
8a6fcd72,CDMX,low,plus,0.818,2026-02-16 20:29:45.872097
8a89988e,CDMX,low,basic,0.818,2026-02-16 20:29:45.872097
2d7639a8,Monterrey,mid,basic,0.816,2026-02-16 20:29:45.872097
eca85972,Guadalajara,low,basic,0.816,2026-02-16 20:29:45.872097
4f44ac3c,Puebla,low,plus,0.816,2026-02-16 20:29:45.872097
c98d00cf,Monterrey,low,basic,0.816,2026-02-16 20:29:45.872097
7713fe26,CDMX,low,plus,0.816,2026-02-16 20:29:45.872097
641628a1,Monterrey,mid,plus,0.816,2026-02-16 20:29:45.872097
28c8a3df,Guadalajara,low,basic,0.816,2026-02-16 20:29:45.872097
5ab4e00a,Guadalajara,high,basic,0.816,2026-02-16 20:29:45.872097
40ce173f,Guadalajara,mid,basic,0.816,2026-02-16 20:29:45.872097
eb9cc246,Edomex,low,basic,0.816,2026-02-16 20:29:45.872097
6bd5612e,Monterrey,low,basic,0.816,2026-02-16 20:29:45.872097
1da46716,Edomex,mid,basic,0.816,2026-02-16 20:29:45.872097
a9055aed,Querétaro,low,pro,0.816,2026-02-16 20:29:45.872097
76eac2d6,Monterrey,mid,basic,0.816,2026-02-16 20:29:45.872097
026d4704,CDMX,low,basic,0.816,2026-02-16 20:29:45.872097
afff83a5,Querétaro,low,basic,0.816,2026-02-16 20:29:45.872097
2ae0ff65,CDMX,low,basic,0.816,2026-02-16 20:29:45.872097
06d8ca87,Edomex,low,basic,0.816,2026-02-16 20:29:45.872097
7f827f29,Edomex,low,basic,0.816,2026-02-16 20:29:45.872097
1c0f3e7f,Querétaro,mid,basic,0.814,2026-02-16 20:29:45.872097
33d54322,Guadalajara,low,basic,0.814,2026-02-16 20:29:45.872097
8369b177,Edomex,low,basic,0.814,2026-02-16 20:29:45.872097
d3149a0e,Guadalajara,low,plus,0.814,2026-02-16 20:29:45.872097
c11bc1a0,Edomex,low,basic,0.814,2026-02-16 20:29:45.872097
abb46ed6,Monterrey,low,basic,0.814,2026-02-16 20:29:45.872097
fe67b8e8,Querétaro,low,plus,0.814,2026-02-16 20:29:45.872097
a661cd65,Edomex,low,basic,0.814,2026-02-16 20:29:45.872097
b25bac7a,CDMX,mid,plus,0.814,2026-02-16 20:29:45.872097
892f01a8,CDMX,low,basic,0.814,2026-02-16 20:29:45.872097
8d957354,CDMX,low,plus,0.814,2026-02-16 20:29:45.872097
03fd26fa,CDMX,low,basic,0.814,2026-02-16 20:29:45.872097
bb2d44f0,CDMX,low,basic,0.814,2026-02-16 20:29:45.872097
18866c45,CDMX,mid,basic,0.814,2026-02-16 20:29:45.872097
cc2bb006,CDMX,low,plus,0.814,2026-02-16 20:29:45.872097
fdbcb192,CDMX,mid,basic,0.814,2026-02-16 20:29:45.872097
9cc7e277,CDMX,mid,pro,0.812,2026-02-16 20:29:45.872097
5a92f41a,CDMX,mid,basic,0.812,2026-02-16 20:29:45.872097
5923559d,Edomex,low,plus,0.812,2026-02-16 20:29:45.872097
f54d9096,CDMX,mid,basic,0.812,2026-02-16 20:29:45.872097
f18961b0,Querétaro,low,basic,0.812,2026-02-16 20:29:45.872097
c55b86b2,Guadalajara,mid,basic,0.812,2026-02-16 20:29:45.872097
6a3efc22,CDMX,mid,basic,0.812,2026-02-16 20:29:45.872097
7f9b53f6,Edomex,low,plus,0.812,2026-02-16 20:29:45.872097
9fd84730,Guadalajara,low,basic,0.812,2026-02-16 20:29:45.872097
8a0025ab,Edomex,high,basic,0.812,2026-02-16 20:29:45.872097
6f34377f,Edomex,mid,basic,0.812,2026-02-16 20:29:45.872097
7723324e,CDMX,high,plus,0.812,2026-02-16 20:29:45.872097
dae4e0a6,Guadalajara,low,pro,0.81,2026-02-16 20:29:45.872097
b474627e,Monterrey,low,basic,0.81,2026-02-16 20:29:45.872097
21fea8ce,Edomex,low,basic,0.81,2026-02-16 20:29:45.872097
1b428a2f,CDMX,mid,plus,0.81,2026-02-16 20:29:45.872097
21333753,CDMX,low,basic,0.81,2026-02-16 20:29:45.872097
407292b7,Querétaro,high,basic,0.81,2026-02-16 20:29:45.872097
403b3bf9,Querétaro,mid,basic,0.81,2026-02-16 20:29:45.872097
98f50124,CDMX,low,plus,0.81,2026-02-16 20:29:45.872097
59d7f095,Puebla,low,basic,0.81,2026-02-16 20:29:45.872097
bc8d799c,CDMX,high,basic,0.81,2026-02-16 20:29:45.872097
134374dd,CDMX,low,basic,0.81,2026-02-16 20:29:45.872097
0087d90d,Monterrey,low,basic,0.81,2026-02-16 20:29:45.872097
237fd476,Edomex,low,basic,0.81,2026-02-16 20:29:45.872097
2f0457b9,CDMX,high,basic,0.81,2026-02-16 20:29:45.872097
b355e881,CDMX,mid,basic,0.808,2026-02-16 20:29:45.872097
cb4ffac6,Guadalajara,low,basic,0.808,2026-02-16 20:29:45.872097
e69e7b77,Monterrey,low,basic,0.808,2026-02-16 20:29:45.872097
3b0c02b6,Monterrey,low,basic,0.808,2026-02-16 20:29:45.872097
b9ad5aab,Edomex,low,basic,0.808,2026-02-16 20:29:45.872097
24b2479d,Puebla,low,basic,0.808,2026-02-16 20:29:45.872097
b08d2a37,Edomex,mid,basic,0.808,2026-02-16 20:29:45.872097
39ee7dfe,Edomex,low,basic,0.808,2026-02-16 20:29:45.872097
cc218e51,Querétaro,high,pro,0.808,2026-02-16 20:29:45.872097
a7fdb40e,Querétaro,low,plus,0.808,2026-02-16 20:29:45.872097
90de5911,Edomex,low,basic,0.808,2026-02-16 20:29:45.872097
669b5034,Edomex,low,plus,0.808,2026-02-16 20:29:45.872097
54d7af98,Edomex,low,plus,0.806,2026-02-16 20:29:45.872097
11f1f21d,Guadalajara,low,basic,0.806,2026-02-16 20:29:45.872097
8adc30e4,Monterrey,low,plus,0.806,2026-02-16 20:29:45.872097
75527263,Puebla,low,basic,0.806,2026-02-16 20:29:45.872097
4464e730,Guadalajara,mid,plus,0.806,2026-02-16 20:29:45.872097
a21c97ef,Edomex,low,basic,0.806,2026-02-16 20:29:45.872097
02ec745c,Querétaro,mid,basic,0.806,2026-02-16 20:29:45.872097
7903741e,Edomex,low,basic,0.806,2026-02-16 20:29:45.872097
c5b2b9ac,CDMX,low,plus,0.806,2026-02-16 20:29:45.872097
49d63f66,CDMX,low,plus,0.806,2026-02-16 20:29:45.872097
707e5365,CDMX,low,basic,0.806,2026-02-16 20:29:45.872097
ea009664,Edomex,low,basic,0.806,2026-02-16 20:29:45.872097
9216f5fc,Querétaro,mid,basic,0.806,2026-02-16 20:29:45.872097
d7fa27c8,Edomex,mid,basic,0.806,2026-02-16 20:29:45.872097
1e289b25,CDMX,low,basic,0.806,2026-02-16 20:29:45.872097
92487eb3,Puebla,low,basic,0.806,2026-02-16 20:29:45.872097
f7bf941c,CDMX,low,plus,0.806,2026-02-16 20:29:45.872097
37c34dbb,CDMX,mid,basic,0.806,2026-02-16 20:29:45.872097
4148e401,CDMX,low,basic,0.804,2026-02-16 20:29:45.872097
d0502001,Edomex,mid,basic,0.804,2026-02-16 20:29:45.872097
26260f95,Edomex,mid,basic,0.804,2026-02-16 20:29:45.872097
2c416ed1,Edomex,low,plus,0.804,2026-02-16 20:29:45.872097
d0387a97,CDMX,low,basic,0.804,2026-02-16 20:29:45.872097
12402543,Edomex,low,basic,0.804,2026-02-16 20:29:45.872097
5e4a5f4e,Edomex,low,basic,0.804,2026-02-16 20:29:45.872097
2f4711d6,CDMX,low,basic,0.804,2026-02-16 20:29:45.872097
e4dbb29d,Puebla,mid,basic,0.804,2026-02-16 20:29:45.872097
53d35723,Edomex,low,plus,0.804,2026-02-16 20:29:45.872097
a5551660,Guadalajara,mid,plus,0.804,2026-02-16 20:29:45.872097
3b628a2a,CDMX,low,basic,0.804,2026-02-16 20:29:45.872097
f443a8e1,Guadalajara,mid,basic,0.804,2026-02-16 20:29:45.872097
24a030cf,CDMX,low,basic,0.804,2026-02-16 20:29:45.872097
311fc7ef,CDMX,mid,plus,0.804,2026-02-16 20:29:45.872097
43c305a3,CDMX,low,basic,0.804,2026-02-16 20:29:45.872097
ea18f5bd,Monterrey,low,basic,0.804,2026-02-16 20:29:45.872097
abf196a1,Guadalajara,mid,basic,0.804,2026-02-16 20:29:45.872097
743ba66a,Monterrey,mid,basic,0.802,2026-02-16 20:29:45.872097
7a644a2c,Edomex,low,basic,0.802,2026-02-16 20:29:45.872097
c3152a60,CDMX,mid,plus,0.802,2026-02-16 20:29:45.872097
359e53dc,CDMX,low,plus,0.802,2026-02-16 20:29:45.872097
53070dba,Edomex,mid,basic,0.802,2026-02-16 20:29:45.872097
900b5f2a,Edomex,mid,basic,0.802,2026-02-16 20:29:45.872097
89d90dfb,Edomex,mid,pro,0.802,2026-02-16 20:29:45.872097
db3b7be2,Edomex,mid,basic,0.802,2026-02-16 20:29:45.872097
45214f60,Edomex,low,basic,0.802,2026-02-16 20:29:45.872097
095dc1e7,Edomex,mid,plus,0.802,2026-02-16 20:29:45.872097
b2bcfea2,Monterrey,low,plus,0.8,2026-02-16 20:29:45.872097
612fa308,Guadalajara,low,basic,0.8,2026-02-16 20:29:45.872097
927a6c1e,Guadalajara,low,pro,0.8,2026-02-16 20:29:45.872097
430b4727,Puebla,low,pro,0.8,2026-02-16 20:29:45.872097
46abf71f,Monterrey,high,basic,0.8,2026-02-16 20:29:45.872097
54209a18,CDMX,low,basic,0.8,2026-02-16 20:29:45.872097
fb9bed8c,CDMX,mid,plus,0.8,2026-02-16 20:29:45.872097
5d0d009f,CDMX,low,pro,0.8,2026-02-16 20:29:45.872097
43ddf61e,Edomex,low,plus,0.8,2026-02-16 20:29:45.872097
8b31be43,CDMX,mid,basic,0.8,2026-02-16 20:29:45.872097
13502b82,Guadalajara,mid,basic,0.8,2026-02-16 20:29:45.872097
e4fdd2a9,Monterrey,low,basic,0.8,2026-02-16 20:29:45.872097
696056ac,CDMX,low,basic,0.8,2026-02-16 20:29:45.872097
6365347d,Edomex,mid,basic,0.8,2026-02-16 20:29:45.872097
abcb5c76,Edomex,mid,basic,0.8,2026-02-16 20:29:45.872097
cea0ac09,Edomex,low,plus,0.8,2026-02-16 20:29:45.872097
ad7c88f1,Puebla,low,plus,0.798,2026-02-16 20:29:45.872097
acd31abf,Edomex,low,basic,0.798,2026-02-16 20:29:45.872097
8483ecff,Edomex,low,basic,0.798,2026-02-16 20:29:45.872097
13c80d03,Puebla,mid,basic,0.798,2026-02-16 20:29:45.872097
b9191e2b,CDMX,mid,basic,0.798,2026-02-16 20:29:45.872097
0d364b03,Edomex,mid,plus,0.798,2026-02-16 20:29:45.872097
ef995013,Querétaro,mid,basic,0.798,2026-02-16 20:29:45.872097
39762f24,CDMX,low,basic,0.798,2026-02-16 20:29:45.872097
d8bcac98,Guadalajara,low,plus,0.798,2026-02-16 20:29:45.872097
f7af71be,CDMX,low,basic,0.798,2026-02-16 20:29:45.872097
904eaa56,CDMX,low,basic,0.798,2026-02-16 20:29:45.872097
79d44787,CDMX,mid,basic,0.798,2026-02-16 20:29:45.872097
142bd911,CDMX,mid,basic,0.798,2026-02-16 20:29:45.872097
