customer_id,churn_probability
9c5fb355,0.96
64deb5c7,0.956
95f6953b,0.952
3b5c1caa,0.948
81795aff,0.942
ece1629d,0.942
ba5148ce,0.938
d1089d6a,0.936
ea44fbdd,0.936
a7fe1c1b,0.932
5b3dbd07,0.932
223e36f2,0.928
4c635fcc,0.928
37a54797,0.926
0cc35ea3,0.924
c31ff321,0.924
6e4bb4f3,0.924
42d6b167,0.924
9c0ff8e6,0.92
070ca5e5,0.918
14b3d68a,0.918
6b8e352a,0.918
327fb503,0.916
94f691d1,0.916
aab91cae,0.916
f667ee38,0.914
3c3b461c,0.914
b447dd70,0.914
026b5c2d,0.914
f5cd8a8d,0.912
33d573ce,0.91
b7dfee86,0.91
f5df6de4,0.91
e9159f85,0.908
39c27701,0.908
e6206727,0.908
92929a73,0.908
2a7dd23d,0.906
237bed6b,0.906
2cdc1e95,0.906
90b99c77,0.906
d6ba4dbf,0.906
f0ebf8d7,0.904
99840038,0.904
70045d4b,0.904
0af7b409,0.902
8e27ead6,0.902
a03659fb,0.902
1e694891,0.9
1e235755,0.9
eca4f25f,0.9
83636b97,0.898
36d48fcb,0.898
16b0e823,0.898
fd75d588,0.896
dcb7260e,0.896
c7f4ec15,0.894
98fdae97,0.894
b460803f,0.894
1aeeb914,0.894
ce3fed25,0.892
4274ce7f,0.892
427fb4e4,0.892
01dddcc1,0.892
94033483,0.892
4b6502db,0.89
757a4dbb,0.89
8630a432,0.888
c23eda67,0.888
279dbd4a,0.888
55dc1ddd,0.886
63fdc1a7,0.886
e21646f7,0.886
7da8859f,0.886
38f4347c,0.884
96f76e87,0.884
d2708558,0.884
8d1cb0d9,0.884
fff1e8f0,0.884
8f8c3e19,0.884
8ceb41c8,0.884
75893769,0.882
7e38edb0,0.882
09e1c5ab,0.882
071ad81c,0.882
6af62df7,0.882
b29719f2,0.882
509542b8,0.882
2546b310,0.88
971ce4cc,0.88
66a7e029,0.878
a42663d4,0.876
a0b3f8a8,0.876
6bb34bfc,0.876
a7e0770c,0.874
8bd5d403,0.874
858090c4,0.872
04de9e65,0.87
d2db56fe,0.87
f687afd6,0.87
262c48a1,0.87
170a9bfd,0.87
61403b01,0.87
9d402a36,0.868
50986e0b,0.868
d68ba4a0,0.868
0dda672a,0.866
ca4de204,0.866
9563ccad,0.866
a4770481,0.866
ba3470c1,0.866
dd50d0a1,0.864
b0532def,0.864
961fc967,0.864
9ed5b2d4,0.864
1d0bb7ea,0.864
b55f60c1,0.864
b5e00b99,0.862
83032d1c,0.862
b3b70ff8,0.862
7e8790eb,0.86
c87762ac,0.86
aa9d881c,0.86
eb4fdcc0,0.86
3a176dc4,0.86
510f530d,0.86
4e3dd11c,0.86
c8a95f9d,0.86
4bee0849,0.86
6dd16466,0.858
119fbd3a,0.858
1b7f6d37,0.858
28357836,0.858
11a4c976,0.858
aeffa852,0.856
c8a09d23,0.856
7b73c808,0.856
a7fc4da7,0.856
6b0ca8ec,0.856
8ea27c76,0.854
5767733f,0.854
75f7a03e,0.854
f6211117,0.854
83332e97,0.854
68945b74,0.854
c786a331,0.854
13347cce,0.854
c2de3f6e,0.854
8a1e41b5,0.854
055e1e8e,0.854
4ad4b344,0.852
9100b6c7,0.852
1b76f451,0.852
c317f71f,0.852
d9caf46d,0.852
29bfacb9,0.852
02e09aa4,0.852
3b8d7410,0.852
15c00980,0.85
1cb4fde4,0.85
bb152ea4,0.85
294cc2d3,0.85
a37d5ae2,0.85
145c241d,0.85
de34ba4a,0.848
ea7bc475,0.848
8f41f7ed,0.848
4588b9cf,0.848
21472da3,0.848
96b93de4,0.848
74ef1e1d,0.848
ef520288,0.846
0f7c74ed,0.846
4440b233,0.846
3f713260,0.846
23521400,0.846
f54f20a7,0.846
05ab4f2b,0.846
13b6bfb3,0.846
5c195c2b,0.846
f280a672,0.844
9522b007,0.844
0128ea52,0.844
476eb1e5,0.844
17a134dd,0.844
4bb032f5,0.844
4ead339b,0.844
854f238a,0.844
8f29f97c,0.844
cfe19145,0.844
be216cab,0.842
ec28fccd,0.842
a752e3c2,0.842
903bbf7e,0.842
d08f315c,0.842
e7afbe11,0.842
76439609,0.842
059d6ab5,0.842
4caa530d,0.842
330b1c38,0.842
0c63a457,0.842
5399de19,0.84
14972aab,0.84
ba841c35,0.84
e9503067,0.84
4bed83a6,0.84
46ca6b2f,0.84
6a58e2c8,0.84
6a419a8e,0.84
bd0c5e2a,0.84
fbe77fdf,0.838
d8203587,0.838
212ba621,0.838
fff10e4a,0.838
827f48cb,0.838
f1270fd8,0.836
8304ce50,0.836
b82c98cb,0.836
53faebd4,0.836
35474a57,0.836
217f5329,0.836
1ff3ea6f,0.836
0357ff98,0.836
856f3f70,0.836
c65ad6be,0.836
ca131aa9,0.834
b3f14edd,0.834
b60f4c00,0.834
47756631,0.834
5dc7a19d,0.834
b9277d22,0.834
7e8ad36c,0.834
0a0912e5,0.834
f1e56ebb,0.834
f79c78b0,0.834
fbe50e7c,0.834
82bbb6dd,0.834
9e7fd4c7,0.834
fba38c5d,0.834
15853979,0.832
c70f7553,0.832
88d1b009,0.832
6a9b2c82,0.832
63b78f88,0.832
72843a65,0.832
38dc5bad,0.832
16b87623,0.832
3356e775,0.832
b696d650,0.832
c585f36d,0.832
5d3a06fc,0.832
d150cb13,0.832
a9dfe1fc,0.832
85a02d7a,0.83
66df6056,0.83
040019f3,0.83
5edba500,0.83
67ce8077,0.83
e35e5b04,0.83
cef070a2,0.83
55118e15,0.83
088f10a6,0.83
8c81a68c,0.83
b469c032,0.83
c612f7df,0.83
45df409a,0.83
d7644108,0.83
83fa3bc5,0.83
74263bc7,0.83
549afae4,0.83
cad47f71,0.83
dfe5133f,0.828
7e4713d1,0.828
198c0ce1,0.828
e3ecada2,0.828
4234bd9b,0.828
e5470509,0.828
fe429c58,0.828
2fac005c,0.828
574e0570,0.828
8e0567e7,0.828
af7a006b,0.828
2ffc1996,0.826
ff907a5f,0.826
cd8182d9,0.826
366dfd19,0.826
8d1fb77d,0.826
bf33dac1,0.826
e9f94fe3,0.826
09055b32,0.826
ef7c766f,0.824
5fc99607,0.824
a83706dc,0.824
c2b7b77f,0.824
5f0f8295,0.824
da187346,0.824
4819b40b,0.824
0b388ebd,0.824
e30cf5da,0.824
cac37bb8,0.822
0e6ea668,0.822
2353caa5,0.822
d31bdc6b,0.822
c6feb0fe,0.822
e907315a,0.822
46b4d204,0.822
92072ca4,0.822
1003e065,0.822
2267b95a,0.822
c9d0b6f9,0.822
aef53179,0.822
8904cc43,0.822
02d2dac7,0.822
0d551194,0.822
3d4f19d4,0.822
717bca31,0.822
35befe8a,0.822
23a9ab17,0.82
735e884d,0.82
d938fad3,0.82
83b91ef1,0.82
265caf27,0.82
a16ca042,0.82
32472c3f,0.82
918c829a,0.82
bf2d9a38,0.82
74a26aa2,0.82
934c3fb0,0.82
1be9e9e0,0.82
e0f9da1f,0.82
57d5630b,0.82
a9201287,0.82
14b451ab,0.818
cca9ce9d,0.818
5a0a5095,0.818
1d71f14b,0.818
6063465a,0.818
c3efeff3,0.818
8e32939c,0.818
7396520b,0.818
f274d679,0.818
a05b7193,0.818
4a35f5e9,0.818
1fcfbe8b,0.818
6d944cde,0.818
2adc15a2,0.818
a2a8555c,0.818
900b90d9,0.818
c9629666,0.818
3913bcca,0.818
8a6fcd72,0.818
8a89988e,0.818
2d7639a8,0.816
eca85972,0.816
4f44ac3c,0.816
c98d00cf,0.816
7713fe26,0.816
641628a1,0.816
28c8a3df,0.816
5ab4e00a,0.816
40ce173f,0.816
eb9cc246,0.816
6bd5612e,0.816
1da46716,0.816
a9055aed,0.816
76eac2d6,0.816
026d4704,0.816
afff83a5,0.816
2ae0ff65,0.816
06d8ca87,0.816
7f827f29,0.816
1c0f3e7f,0.814
33d54322,0.814
8369b177,0.814
d3149a0e,0.814
c11bc1a0,0.814
abb46ed6,0.814
fe67b8e8,0.814
a661cd65,0.814
b25bac7a,0.814
892f01a8,0.814
8d957354,0.814
03fd26fa,0.814
bb2d44f0,0.814
18866c45,0.814
cc2bb006,0.814
fdbcb192,0.814
9cc7e277,0.812
5a92f41a,0.812
5923559d,0.812
f54d9096,0.812
f18961b0,0.812
c55b86b2,0.812
6a3efc22,0.812
7f9b53f6,0.812
9fd84730,0.812
8a0025ab,0.812
6f34377f,0.812
7723324e,0.812
dae4e0a6,0.81
b474627e,0.81
21fea8ce,0.81
1b428a2f,0.81
21333753,0.81
407292b7,0.81
403b3bf9,0.81
98f50124,0.81
59d7f095,0.81
bc8d799c,0.81
134374dd,0.81
0087d90d,0.81
237fd476,0.81
2f0457b9,0.81
b355e881,0.808
cb4ffac6,0.808
e69e7b77,0.808
3b0c02b6,0.808
b9ad5aab,0.808
24b2479d,0.808
b08d2a37,0.808
39ee7dfe,0.808
cc218e51,0.808
a7fdb40e,0.808
90de5911,0.808
669b5034,0.808
54d7af98,0.806
11f1f21d,0.806
8adc30e4,0.806
75527263,0.806
4464e730,0.806
a21c97ef,0.806
02ec745c,0.806
7903741e,0.806
c5b2b9ac,0.806
49d63f66,0.806
707e5365,0.806
ea009664,0.806
9216f5fc,0.806
d7fa27c8,0.806
1e289b25,0.806
92487eb3,0.806
f7bf941c,0.806
37c34dbb,0.806
4148e401,0.804
d0502001,0.804
26260f95,0.804
2c416ed1,0.804
d0387a97,0.804
12402543,0.804
5e4a5f4e,0.804
2f4711d6,0.804
e4dbb29d,0.804
53d35723,0.804
a5551660,0.804
3b628a2a,0.804
f443a8e1,0.804
24a030cf,0.804
311fc7ef,0.804
43c305a3,0.804
ea18f5bd,0.804
abf196a1,0.804
743ba66a,0.802
7a644a2c,0.802
c3152a60,0.802
359e53dc,0.802
53070dba,0.802
900b5f2a,0.802
89d90dfb,0.802
db3b7be2,0.802
45214f60,0.802
095dc1e7,0.802
b2bcfea2,0.8
612fa308,0.8
927a6c1e,0.8
430b4727,0.8
46abf71f,0.8
54209a18,0.8
fb9bed8c,0.8
5d0d009f,0.8
43ddf61e,0.8
8b31be43,0.8
13502b82,0.8
e4fdd2a9,0.8
696056ac,0.8
6365347d,0.8
abcb5c76,0.8
cea0ac09,0.8
ad7c88f1,0.798
acd31abf,0.798
8483ecff,0.798
13c80d03,0.798
b9191e2b,0.798
0d364b03,0.798
ef995013,0.798
39762f24,0.798
d8bcac98,0.798
f7af71be,0.798
904eaa56,0.798
79d44787,0.798
142bd911,0.798
edc91f88,0.798
1dd6bfc4,0.798
33f57c62,0.798
605f77e4,0.798
bf8d14fb,0.798
39021ae7,0.798
95c364a8,0.798
43ebeca9,0.798
0542e598,0.798
d7b7855a,0.798
29fe167f,0.796
83076321,0.796
fd775f01,0.796
34892719,0.796
443d5f9e,0.796
4ce35350,0.796
3132e691,0.796
ce6752d0,0.796
2790c63b,0.796
d901169a,0.796
fc918310,0.796
400952d1,0.796
08b31268,0.796
cb8c64a4,0.796
be06e271,0.796
42b7301d,0.796
618194f3,0.794
980aed4d,0.794
9f14cffd,0.794
25fc84f4,0.794
97bed36e,0.794
fb1888f0,0.794
83e0f900,0.794
35fb5c2e,0.794
1686effc,0.794
6da7b44f,0.794
0936de63,0.794
7684cb43,0.794
9e68d64e,0.794
98f657fe,0.794
51009048,0.792
5d2c6b27,0.792
466eff83,0.792
239d2352,0.792
86b421f9,0.792
91aff1c8,0.792
aabc7845,0.792
6f471136,0.792
4d7f2019,0.792
31f2d3b9,0.792
1eb9b1b0,0.792
aad9067b,0.792
dea4abbc,0.792
638e53d5,0.792
0452b838,0.792
8e96ff68,0.792
647fad09,0.792
ef1608de,0.79
b04b301a,0.79
c31d7e98,0.79
6e22ce06,0.79
4086f1fb,0.79
50d0c314,0.79
61156ded,0.79
d1927462,0.79
c88f222b,0.79
1ccee36b,0.79
54ad8b41,0.79
354d149f,0.79
acb2ea28,0.79
f76ce577,0.79
0d11c8f5,0.79
8fe73085,0.79
260afec7,0.79
85f4ece3,0.79
0cb1ac0d,0.79
6715494e,0.79
f11f7096,0.79
f88e34ed,0.788
f60c60d1,0.788
475ebb6f,0.788
3d8219a0,0.788
5dbfdf7b,0.788
0b3f810d,0.788
590b5a1d,0.788
fa491787,0.788
d5d3791a,0.788
69d9c911,0.788
6ab306b1,0.788
6c984c2b,0.788
6155e95f,0.788
94051442,0.788
e57dbe23,0.788
7c3a7a15,0.788
6114c666,0.786
9eb26335,0.786
f90fa7b5,0.786
0dde2f40,0.786
174c9e20,0.786
212dd7ce,0.786
b9000c35,0.786
2c5f588c,0.786
1dad8e28,0.786
b0a92d3b,0.786
fe4cc9c9,0.786
1eeb8718,0.786
914673ad,0.786
8fcca1fc,0.786
42279b13,0.786
2f85be56,0.786
0d8aae3a,0.784
838a86cd,0.784
11591e51,0.784
724ca94d,0.784
a252185c,0.784
75380145,0.784
aa92d5a7,0.784
71d2fb18,0.784
74e77adb,0.784
2ee44d15,0.784
8d339201,0.784
4582a85c,0.784
7cb8a9b1,0.784
94ce87ec,0.784
470e1cd9,0.784
74c0649d,0.784
86d00148,0.784
23e97fa0,0.784
15575cd9,0.784
a13722f1,0.784
214a29ab,0.784
c9c36d1e,0.784
2254fddf,0.782
5523ba59,0.782
54f0a260,0.782
77ff6063,0.782
0d9734fb,0.782
b7aae03c,0.782
2612e9cd,0.782
ab0bced7,0.782
8ec03d30,0.782
c6bad6e0,0.782
9c41d95a,0.782
70fd2781,0.782
c92f6a9b,0.782
022ab5dd,0.782
b1a2fc19,0.782
89238c33,0.78
f077b10e,0.78
bd15afb8,0.78
0a35fb24,0.78
d1fb1027,0.78
4e9d6b03,0.78
9365f703,0.78
7591ee47,0.78
e3441818,0.78
8e6d7fd6,0.78
f18a9718,0.78
d2652c5e,0.78
539cb907,0.78
3e154a32,0.78
5f0c249b,0.78
9583948d,0.78
68795224,0.78
f2e063aa,0.78
8540e728,0.778
f0cb3582,0.778
ea440f0c,0.778
8b42ac97,0.778
d05e88e8,0.778
43452750,0.778
f6e8ad7a,0.778
1ff2aec5,0.778
6c90fab1,0.778
449c93b3,0.778
3bf60f3b,0.778
51c8f5c1,0.778
b9c9fd28,0.778
c65703f5,0.778
4cb253f3,0.778
eab08743,0.778
47c13014,0.778
e0d79787,0.776
8ac24385,0.776
5d6ba6a2,0.776
9c9eee67,0.776
0007f9f8,0.776
4077e020,0.776
d1656f7b,0.776
9de3212a,0.776
fcaf37e3,0.776
e6179507,0.776
155326b3,0.776
356fcacb,0.776
cb9a2621,0.776
20646c1e,0.776
c612ca77,0.776
a58161f8,0.774
3277cf15,0.774
32dfd00b,0.774
f4f8887b,0.774
aaca6a70,0.774
00a1ad38,0.774
f71fb974,0.774
ac485488,0.774
d04bac32,0.774
b7c914a2,0.774
b935196e,0.774
23eeb2f3,0.774
2026621d,0.774
3cd55856,0.774
b49e720d,0.774
2617d296,0.774
4e27e1ad,0.774
81dd68bf,0.774
5fa1e90b,0.772
d6347afa,0.772
ec99a5b2,0.772
4597e707,0.772
8072ca63,0.772
efd43388,0.772
62043b76,0.772
2632a49e,0.772
035b6f10,0.772
7674d065,0.772
3286623a,0.772
e18c2545,0.772
a7ee1891,0.772
d3967c38,0.772
a14bbfca,0.772
c383d937,0.772
7f90d093,0.772
f0d57cde,0.772
ee80981f,0.772
779be66e,0.772
d8e384cf,0.772
4c0f28da,0.77
5d829134,0.77
f6a51051,0.77
10e087fe,0.77
69cc11ae,0.77
3bb4ad7b,0.77
f3f255fe,0.77
2447e188,0.77
2876e5c4,0.77
bace0a7a,0.77
0a697aec,0.77
47c8a10f,0.77
baad4f78,0.77
0fcb0786,0.77
93decbf5,0.768
ccb58efc,0.768
bc75b07a,0.768
1c9d680c,0.768
6a732053,0.768
ed9fee19,0.768
14dc8a48,0.768
b54d6e9a,0.768
e9194d0e,0.768
04290c1f,0.768
87dbe717,0.768
0600f2cb,0.768
4eb3047f,0.768
0ed47d4d,0.768
d29f02f0,0.768
0b480d56,0.768
a19ca986,0.768
e4e012ae,0.768
5a107de8,0.766
56b0a294,0.766
d67a4636,0.766
b1dd867e,0.766
787029e7,0.766
0b655ecc,0.766
42027024,0.766
02594b16,0.766
a579ad12,0.766
bf8602e6,0.766
35c1ecfa,0.766
87427d51,0.766
12aadf7c,0.766
304b4a33,0.766
a522309d,0.766
c792bb45,0.766
e955c532,0.764
a2311fdd,0.764
1f782c2b,0.764
93e76517,0.764
4309a699,0.764
f852b757,0.764
36f1ca88,0.764
204e3b2e,0.764
62382d04,0.764
70775751,0.764
4c575979,0.764
2401b1af,0.764
43f4788a,0.764
4ecec768,0.762
4530021e,0.762
8893327c,0.762
f2e4a752,0.762
6bd60b0d,0.762
bdc1bcc4,0.762
3bfd0e37,0.762
379f75ea,0.762
b7471ba2,0.762
e2faa83a,0.762
cdc4b577,0.762
2743a8cc,0.762
70ab69e5,0.762
e322cb69,0.762
7a3f5cbc,0.762
1fd3bd5d,0.762
083f9ac8,0.762
84ded41c,0.762
bad46887,0.762
bb22f84d,0.762
ca54d244,0.762
2727ab94,0.762
b3313204,0.76
065a34ae,0.76
35a41820,0.76
351e7655,0.76
13a17e77,0.76
680a59bf,0.76
b5e9bc59,0.76
98ebc858,0.76
9a5404b7,0.76
327b437c,0.76
6004f658,0.76
c29d1ec8,0.76
c3c6c4b5,0.76
5a992c1b,0.76
fba8302b,0.76
91c56f19,0.76
bad293f4,0.76
07a48b2d,0.76
38fc9272,0.76
39172ee6,0.76
c64db824,0.76
89bb6ade,0.758
c551b0e9,0.758
e6bcc515,0.758
993ed649,0.758
34778bc7,0.758
b21d383e,0.758
7d3b1986,0.758
f0422828,0.758
38fec85c,0.758
81698a4f,0.758
a6916a43,0.758
d748b033,0.758
b5cc010c,0.758
1dc7db21,0.758
feae3377,0.758
1a5dc32c,0.756
a9251e07,0.756
c7f649b1,0.756
f19ef7ed,0.756
39ff495d,0.756
8fd6b515,0.756
c904e78f,0.756
16e5f2ae,0.756
fdd3f0eb,0.756
c2adf405,0.756
9fa256dc,0.756
7a8237b5,0.754
a29604ab,0.754
d29038c0,0.754
58efe7cd,0.754
647caaba,0.754
ce53d2cd,0.754
cfdbf7b0,0.754
b8984ac3,0.754
60d7aa8c,0.754
38cda7a6,0.754
becc93ce,0.754
1adab266,0.754
77e0001c,0.754
39f2661e,0.754
093b764d,0.754
c06a3211,0.752
07258da0,0.752
50258de4,0.752
4064839f,0.752
087af27c,0.752
a6997f82,0.752
052054ed,0.752
775f3da4,0.752
31e62085,0.752
60e92178,0.752
504c719b,0.752
bbba06ec,0.752
147674fb,0.752
763905ce,0.752
5d323e9d,0.752
2fdb1596,0.752
e6d93ebe,0.752
d459792e,0.752
191a8202,0.752
eec0a7c5,0.752
3f1db295,0.75
47576fe2,0.75
6e5e472a,0.75
dee90cf0,0.75
cf9a7091,0.75
edd244d0,0.75
10ecb35b,0.75
2957519b,0.75
af8e4b7c,0.75
c8e11113,0.75
8e881698,0.75
4754cb57,0.75
bb2dbe2f,0.75
abdef771,0.748
3656efbb,0.748
c3c791a9,0.748
de4eebe4,0.748
45993e3c,0.748
97cd3801,0.748
f3385af0,0.748
98e9e4d2,0.748
f3722bf0,0.748
225d43d2,0.748
c9679b72,0.748
25638ca4,0.748
d6234af6,0.748
5812bfd6,0.748
c685c9fb,0.748
e11f56c2,0.748
5e5ab62b,0.748
3cf99e23,0.748
fcf6dd76,0.748
1ef83f54,0.748
c09249f1,0.748
aebd42ce,0.748
c59af2a3,0.746
3f86d26c,0.746
42aae281,0.746
f263fdac,0.746
a7caf053,0.746
ae6a16b0,0.746
f5ad359e,0.746
5fbe4f2d,0.746
6f0c061f,0.746
187c11ce,0.746
faacafc9,0.746
42871927,0.746
113129c2,0.746
09748b41,0.746
7b34a505,0.746
137ff099,0.744
2756d506,0.744
c5cd68b6,0.744
0b28aabb,0.744
70c20777,0.744
e670dfdf,0.744
5594163d,0.744
d77875c0,0.744
26e90b2c,0.744
30ac251c,0.744
27ee4589,0.744
abe31a28,0.744
ae38a480,0.744
6b0710b7,0.744
e1cc7e03,0.744
c516e847,0.744
283d24c3,0.742
a63a61ce,0.742
b5e29207,0.742
ea969c74,0.742
63a86e9e,0.742
0fd9c772,0.742
2390683f,0.742
21eb4b97,0.742
6f06774e,0.742
2a413806,0.742
aab719b2,0.742
1660c99c,0.742
256cc16a,0.742
eed16487,0.74
95295d57,0.74
89c7df12,0.74
5954fe63,0.74
2eb53fff,0.74
bc0bd8dd,0.74
6b1a1db7,0.74
1b12ecb6,0.74
56b76e06,0.74
66975218,0.74
7b58079d,0.74
c8284385,0.74
0e554cd4,0.74
b6820a78,0.74
832d6e7e,0.74
46364a68,0.74
1c16d2f5,0.74
5e5602f2,0.74
99ecf37c,0.738
d2d59ba0,0.738
4ca75778,0.738
f04ccc11,0.738
a11e61b2,0.738
a95d069f,0.738
413deacb,0.738
b0996f7b,0.738
ef85b420,0.738
12945519,0.738
0f7703df,0.738
330db65b,0.738
42ab44f3,0.738
fbfe2d3e,0.738
9957abec,0.738
662864b7,0.738
3300f3a3,0.738
71f4272b,0.738
eecf8d04,0.736
b5e45f04,0.736
246e77b7,0.736
1e0c93f5,0.736
483e2474,0.736
aa128006,0.736
b75bae53,0.736
e94e89e3,0.736
3f72044b,0.736
3aa4012c,0.736
705a3cf6,0.736
241b2058,0.736
0b27b7b2,0.736
6de73dc3,0.736
cd1bba66,0.736
2bfc71d4,0.736
97033ca0,0.736
1033664a,0.736
d2684169,0.736
fe9188b3,0.736
9a76abb9,0.736
fcd7c544,0.734
555a2bda,0.734
d2739144,0.734
e13e2a57,0.734
82766fac,0.734
688c9280,0.734
4deeb5d8,0.734
15c14c85,0.734
24a855c0,0.734
33af9827,0.734
d0d072cd,0.734
8a0bd479,0.734
107b094a,0.734
00e613c6,0.734
c503b433,0.734
fa982a1d,0.734
e12f5624,0.732
a76fcf7c,0.732
25b6e375,0.732
94981aa9,0.732
e1a56d8a,0.732
f97eb1d9,0.732
74eeceb6,0.732
23e36f59,0.732
35db2c3e,0.732
21d7cf75,0.732
edd9cde2,0.732
9a4252a0,0.732
8ddae1f3,0.732
779305a0,0.732
9cb02e32,0.732
e2e7c97e,0.732
73304a99,0.73
8ca36327,0.73
2ac72411,0.73
aa1e3ae8,0.73
36cec633,0.73
34a6ac08,0.73
d53e4170,0.73
abc3a705,0.73
e8511003,0.73
1a97ed6b,0.73
dc73493d,0.73
edadb25c,0.73
46b880ab,0.73
4c4d0bad,0.73
918e3f73,0.73
ec03695f,0.73
6070c4aa,0.73
502771da,0.73
aa5868d7,0.728
d2ecb8ce,0.728
a5239cc6,0.728
8c8b37e1,0.728
c296637f,0.728
732ba272,0.728
e4022606,0.728
bf82c0d6,0.728
04b3c097,0.728
ee4b353e,0.728
d50c54b8,0.728
1d15f9aa,0.726
a32dc9c0,0.726
0db056d2,0.726
840c7ee2,0.726
dab416ba,0.726
1a48b4d7,0.726
2082de64,0.726
b1ae2b8c,0.726
bdab88ff,0.726
53d8864d,0.726
eff45797,0.724
88819578,0.724
c2bf4d98,0.724
07f136d6,0.724
c71333c4,0.724
88005bc1,0.724
5ff290a5,0.724
7f39a993,0.724
4323538c,0.724
77b1771e,0.724
044a6a93,0.724
dce88fd0,0.724
649270e5,0.724
803b7464,0.724
d20422ea,0.722
339e00ea,0.722
ba66e238,0.722
18afdd0d,0.722
933d507a,0.722
d02cd17e,0.722
4ff44883,0.722
d077f576,0.72
ad7c0ed1,0.72
ae751446,0.72
f5c8cc7e,0.72
04673447,0.72
ba7d8dfb,0.72
dcd5d9ce,0.72
60d10957,0.72
1d38497c,0.72
7171d591,0.72
81e6b94e,0.72
aa57ee77,0.72
5b95918d,0.72
9d8ea751,0.72
ce1e9be8,0.72
e7616c0c,0.72
483b2555,0.72
71b35acb,0.72
fa25c42c,0.72
112a61e9,0.72
3cbb1bad,0.718
ea0d99d4,0.718
d93cb12a,0.718
cdcbf5a6,0.718
e5f13c36,0.718
505f5e51,0.718
1979b366,0.718
9c3e8570,0.718
bf317515,0.718
a7ec74f5,0.718
b33c2494,0.718
cf61ab82,0.718
36eaf856,0.718
c596f9fb,0.716
83d16412,0.716
77cf961c,0.716
37c1f8a1,0.716
16e36d5b,0.716
05ac9461,0.716
d86b5320,0.714
051a2ad6,0.714
4695428f,0.714
6e324878,0.714
bd95994e,0.714
f2e3a7bb,0.714
3cd579cf,0.714
bef13027,0.714
9a4f3d71,0.714
5aa2fea9,0.712
e07b3548,0.712
9adbe664,0.712
ae2e2122,0.712
c7095132,0.712
2cfe2ac4,0.712
19ea7017,0.712
2fb18977,0.712
0c499911,0.712
4a882051,0.712
4f72b425,0.712
31fc1cc1,0.71
f3d8c2df,0.71
d051c4fa,0.71
51fc25a6,0.71
0b69bfc9,0.71
6a154e35,0.71
25e2fe42,0.71
7f7453c9,0.71
8518475a,0.71
81d7e188,0.71
d3047e17,0.708
0e57176a,0.708
84786a89,0.708
eadf2306,0.708
58a2c98c,0.708
b2eb63a8,0.708
86bc7174,0.708
ecb29716,0.708
45e453e0,0.708
f104d0f4,0.706
b1c56434,0.706
00035576,0.706
1862dd0e,0.706
79896808,0.706
afaeb7ab,0.706
7c682d4f,0.706
602a8cb7,0.704
152b639c,0.704
cc124908,0.704
f45d565b,0.704
11dd1b8a,0.704
50955d80,0.704
a5bc5c10,0.704
f5a72712,0.704
cb4c2fcb,0.704
2f107a67,0.702
5f0b5941,0.702
f7ff5852,0.702
31f1a448,0.702
e1ec242a,0.702
2e84cc7c,0.702
703051c4,0.702
9386ea7f,0.702
5c2314e6,0.7
8fa15e5d,0.7
220ca7d5,0.7
7fad49a3,0.7
87652a6a,0.698
361b472c,0.698
85ad784c,0.698
290cafb7,0.698
4aca0441,0.698
df6c6f84,0.698
a92b3377,0.696
2a7601b3,0.696
4b7b6542,0.696
092c1a21,0.696
a411dc79,0.696
7e158f50,0.696
6303031b,0.694
f62b4240,0.694
98cb4556,0.694
e388d08d,0.694
967a5dc1,0.694
a2bb74c1,0.694
218f392e,0.694
68559d70,0.694
d915ef40,0.694
142ec966,0.692
72210497,0.692
1f70429b,0.692
a3dad071,0.692
cb9c0e87,0.692
41b3c8d3,0.692
17ce15fb,0.692
3d708863,0.69
914f53f5,0.69
5241a747,0.69
6b250599,0.69
657c4bee,0.688
4dec0157,0.688
13b0ee19,0.686
7bbcfccd,0.686
2533d25a,0.686
9cc36bcf,0.686
eb837277,0.686
b5a05c94,0.684
faa95bcf,0.684
6889f304,0.684
d40e2e1d,0.684
de463ea0,0.684
0fb608a0,0.684
abefbdb9,0.682
7d13c085,0.682
9fd160bf,0.682
532dd2a1,0.682
59e47a5e,0.68
5f7d9bf5,0.68
d0db0994,0.678
df284249,0.678
dcae7756,0.678
212d3c17,0.678
f7f2f45f,0.678
3d510eff,0.678
08ec4f39,0.676
e1fa9bbb,0.676
93de7e53,0.676
b42ab0b5,0.676
298bfbff,0.676
8276e302,0.676
1e6343e6,0.676
5fb41444,0.674
5809b114,0.674
6a02a3a9,0.674
9b8f49ad,0.674
fa209e07,0.674
2592c689,0.674
e93bce44,0.674
38c8204a,0.672
bad9df50,0.67
00fd93c4,0.67
6ee6ffd0,0.668
84e1e67c,0.668
9cdb7f17,0.668
5044a612,0.668
af67686c,0.668
1b8b899f,0.668
356ab229,0.668
f02a2599,0.666
5d509ece,0.666
77f90a4a,0.666
32c5fee0,0.664
1e3152fc,0.664
98821e60,0.66
fd9587f5,0.66
f4193630,0.66
8fb13bac,0.66
90f6a1f8,0.66
4f28b1d3,0.66
b73356d9,0.66
815ae201,0.658
affd92dc,0.658
d839ddf2,0.658
b8a80b93,0.656
e591d055,0.656
26cc8007,0.656
a32bf055,0.656
974746ae,0.654
b20c2f20,0.654
08268315,0.652
29fa9587,0.65
2a638d62,0.65
51a6a3f2,0.65
7ee0e0f9,0.65
cd50f954,0.648
075d69fa,0.648
d641e43d,0.646
585c3a32,0.646
c703d7bd,0.644
0a31a3b8,0.644
6db046c6,0.642
90c8a0f0,0.642
3b661430,0.638
b4aaba91,0.636
eba4f6b6,0.634
25d4343a,0.632
33da3f19,0.632
17d532ed,0.632
91872133,0.63
4b31de98,0.63
28abcaef,0.628
f2e1b7c6,0.628
c987f927,0.624
b55d2ddc,0.624
9b322202,0.62
402c825a,0.62
4e26df83,0.616
c86d2f83,0.61
64a83667,0.61
02abd1aa,0.61
79f128b6,0.61
5f0d54f5,0.602
8dcbf7bb,0.6
ab35bf7e,0.6
ca30384f,0.598
c4d3f240,0.594
b3463392,0.586
75054cf2,0.582
ef2ab8cd,0.582
b7d610d3,0.576
d05bc95f,0.574
5fda82a4,0.572
00c3a10e,0.572
2472a283,0.568
407825de,0.564
22824b9e,0.562
151ba30a,0.562
cd1ae4a8,0.558
2ad5f27a,0.558
50f04052,0.556
7c5dafe2,0.556
8e51df87,0.556
391f53cc,0.556
0cea0042,0.554
1f640c3a,0.552
44cfd424,0.55
a7af7ea3,0.548
78b2b508,0.548
97188a6f,0.546
c4329f42,0.546
b1f6d8c8,0.546
4f6d0fd2,0.546
f2652a85,0.544
46cebcaa,0.542
7da52cae,0.542
efb66481,0.542
975f1a01,0.54
7a55b2e3,0.538
5bf51b4b,0.538
724ee66f,0.536
375d5270,0.536
ab631944,0.534
3ac95608,0.534
fee58f49,0.532
98b38e6e,0.532
29512894,0.53
c286f0ee,0.53
ed9b8679,0.53
3f7c3039,0.53
018daa81,0.528
47d6964e,0.528
65d36ea1,0.528
86e1e016,0.528
ca985e55,0.528
f0204deb,0.526
a4931729,0.524
044dffac,0.524
f409d289,0.522
8c4e9d53,0.52
270bd8a0,0.52
d7fb5173,0.52
da0bf1ea,0.518
50180509,0.518
3910fb86,0.518
ba90e3d1,0.516
7f4ee399,0.516
572bb488,0.516
244907e8,0.514
553d94e6,0.514
6d0e0bd8,0.512
bd09c7a7,0.512
0071569a,0.512
f17d328b,0.51
82a49ba1,0.51
74c1aea0,0.508
db214374,0.508
2d845f0a,0.508
499f3bcb,0.506
24677ad2,0.506
3ecf92a0,0.504
40f02f4b,0.502
8f1de21f,0.502
730eec86,0.5
5b3eb5ad,0.498
9877f21b,0.498
39807021,0.498
426d0462,0.496
4cfdcc15,0.496
52e04763,0.496
f2e6c880,0.494
f3482567,0.492
7e8283a2,0.492
c5c3eacc,0.492
bc7f7e4b,0.492
0576c02f,0.492
b7478d21,0.49
bf32ad2d,0.49
bdaf7839,0.488
a8411d1c,0.488
89dd5ba6,0.488
d2f4e709,0.486
8a7b7d48,0.484
8597b329,0.482
0230bb99,0.482
95fb184c,0.482
cce5bdf7,0.48
d33c723a,0.478
829fa9cd,0.478
ded338de,0.476
d8033488,0.476
b973dca8,0.476
8d04fe77,0.476
5766ec3e,0.476
26952230,0.476
c9197bdd,0.476
ee8e8470,0.474
3a6f4565,0.47
d30966d3,0.47
f6f820f5,0.47
8a431239,0.468
52a2fe6e,0.468
c74efb1e,0.468
3fba104d,0.468
62bab372,0.466
00223157,0.466
69afbcb8,0.466
b97c9494,0.466
65125e1b,0.466
0d2a9b9c,0.464
8a6e2bff,0.464
8f4dff55,0.464
6ebf1fa7,0.462
38a585b2,0.462
ada76845,0.46
cfe658c5,0.46
bf3b6271,0.458
0963de68,0.458
f470fbca,0.456
ea5923b8,0.456
6014a8eb,0.454
e95a75a3,0.454
26d062d1,0.454
572fa8fd,0.454
f31c42ad,0.454
dfdb7b01,0.452
42deb1ac,0.452
6d79bcbe,0.452
705eba03,0.452
f2846895,0.452
4348c794,0.45
46532428,0.45
ef98b25b,0.45
8d991282,0.448
5698216d,0.448
51bf8083,0.446
94c8850b,0.446
051672bd,0.444
245bd2bf,0.444
f64c827e,0.442
bb27b1fb,0.442
53f6d100,0.44
cd0a515a,0.44
3e79217a,0.438
1cfe29ef,0.438
eb45b3be,0.438
5dcddb69,0.438
abb312ed,0.438
86c1c5d2,0.436
f1ec516f,0.436
4333e14d,0.436
976ace66,0.436
7cff76c1,0.436
3a4c3034,0.436
3b5751b8,0.434
843ae383,0.434
0f08c8ba,0.434
7b01dea1,0.432
3a2bfb87,0.432
f6b57d10,0.43
e3fbc3f2,0.43
a6e2fe09,0.43
23552c01,0.43
f39c2dfa,0.428
99a8289c,0.428
e1330b35,0.428
53923057,0.428
26476840,0.426
dc02b60c,0.426
308147af,0.426
a0910273,0.426
b4b84740,0.426
278d69be,0.426
86554af2,0.426
6a3ef7af,0.424
198487f6,0.424
2fbfbd74,0.422
e371e9c3,0.422
a49fe469,0.42
3f470409,0.42
f75dd0cc,0.418
4e6e20bb,0.418
1ad9bb53,0.418
f91ce9d9,0.416
0282ada3,0.416
21a6bf17,0.416
4decb64d,0.416
146260ad,0.416
d84ee8f7,0.414
3294962e,0.414
47a2f1ab,0.414
cbd9c108,0.414
4fadbe1f,0.412
e784a2f2,0.412
57ca817e,0.41
e06d0106,0.41
e7c64186,0.41
cd3498d1,0.41
c105dc75,0.41
c6a1cf23,0.408
5d849ef8,0.408
469e27a2,0.408
bf3d7c09,0.408
697ca5d5,0.408
4d848392,0.408
7c5e3a64,0.408
e571d8f5,0.406
be1767c2,0.406
a57072a3,0.406
1f0b7ccf,0.404
77703909,0.402
3d218a8b,0.402
9375fb47,0.402
df83cf42,0.402
871889da,0.402
2629b65c,0.402
d729f9de,0.402
e8784755,0.4
b51e5d61,0.398
3f55c19e,0.398
bedad426,0.398
fee8fd2c,0.398
12d12eb1,0.396
cc8e0019,0.396
738316de,0.396
67125c63,0.396
9736a26a,0.394
dcf82fa4,0.394
550f2abc,0.394
89525b03,0.394
16cc9999,0.392
b86f5690,0.392
a78c567d,0.392
63940452,0.392
5646faea,0.392
dab92ac5,0.39
c146e73d,0.39
b5075e1e,0.39
1655a603,0.39
3bf5ce79,0.388
82008f42,0.388
ab94efe1,0.388
387c17d7,0.388
5b15f9d3,0.388
ea46d80d,0.388
b5de6c02,0.386
dc73d975,0.386
6cca00d9,0.386
8dc25a58,0.386
9ffabf9f,0.386
fc47a589,0.386
7c0ae08d,0.386
8f0e35e4,0.386
590cc28b,0.386
0bf12d5c,0.384
770317c4,0.384
2279829e,0.384
e6ea1fcc,0.384
47a24cae,0.384
26ea7dde,0.384
2d8948f9,0.384
7602c792,0.382
1cb2e4be,0.382
9495c87f,0.382
b23cff37,0.382
152a5c28,0.382
bb8dbab5,0.382
a23f7f09,0.38
1827b54d,0.38
d387200e,0.38
07b43b43,0.378
2ce8b07f,0.378
aa35f46f,0.378
d337b100,0.376
20ead0a5,0.376
0d35ee4c,0.376
adaf1685,0.376
3eafd7eb,0.374
8a9fc808,0.374
99a57677,0.374
0a0f0d00,0.374
5b25d3d8,0.374
d22a8a73,0.372
d742be7c,0.372
d3d8a470,0.372
38b117f8,0.372
3b9b208b,0.372
a69eac33,0.37
ca7d5e4c,0.368
f030b656,0.368
4e9bfdb6,0.368
09ba38bc,0.368
898f5c3d,0.366
a9816ec3,0.366
59cfdaf3,0.366
b41a014b,0.366
75bf1cf3,0.366
a8166d72,0.364
5470eb3a,0.364
924ab9f8,0.364
d2cfcc98,0.364
af03c264,0.364
e19b9815,0.362
c73abe0c,0.362
4e4740ab,0.362
e6bc4651,0.362
b8cf0d53,0.36
1299ae6d,0.36
c887787b,0.36
6c9a84de,0.36
4ef99d5f,0.36
6409e5f4,0.358
0caba2af,0.358
149dfb81,0.358
3020f594,0.358
5c477d8b,0.358
be2bbf9f,0.356
6f0ac4a9,0.356
f11e2366,0.356
8edd2ed7,0.356
b039b94d,0.356
fe7cb087,0.356
a7cd4fa1,0.356
a5bee489,0.356
cffea91e,0.354
dd56cb7b,0.354
a25d431d,0.354
e2e21455,0.354
eaa2bd5c,0.354
78f5d183,0.354
6b927613,0.352
2f546cb9,0.352
4a2f5a18,0.352
b61124e4,0.352
d20aea43,0.352
d0e51234,0.352
26dc29d9,0.35
fa1d7bc2,0.348
6d2e0766,0.348
72611e8c,0.348
6681c3d8,0.348
8871dd7d,0.348
e99116e8,0.348
98f43038,0.348
267050b6,0.348
b1dd1f9f,0.346
8f2970c2,0.346
471744fd,0.346
92ff62d9,0.346
c032af1e,0.346
95df3143,0.346
87500d59,0.344
c20ec9ff,0.344
60ecfdc8,0.344
9b1054bf,0.344
d8541925,0.342
4035d3ea,0.342
bd1b608a,0.342
275fc5bb,0.342
4ff2068f,0.342
3538d94f,0.342
cde6d4cd,0.34
146f7d2d,0.34
ca31e82b,0.34
98785e60,0.34
221ebde1,0.34
3abcbf04,0.338
2e66d0f1,0.338
c3304d26,0.338
5114c7ff,0.338
64328172,0.338
c3a5b839,0.338
fefc2966,0.338
1c0162ee,0.336
ac0d592e,0.336
c823c4fe,0.336
48838163,0.336
5bf31b60,0.336
556c2082,0.334
6823ddc0,0.334
879814cb,0.334
95054c5a,0.332
e59f4f70,0.332
a6761cba,0.332
1221473d,0.332
5ca095e0,0.332
e0a77510,0.332
a9175ba0,0.332
d02c2989,0.332
60da404c,0.332
d2639eb0,0.33
3c3d28af,0.33
1a49734f,0.33
327fedf4,0.33
30e693ae,0.328
b5264b81,0.328
0e55ff60,0.328
ce326aa8,0.326
a2ceb0ec,0.326
51953e9c,0.326
fb61d9d5,0.324
863d27ed,0.324
58d69294,0.324
34174c62,0.324
0a424198,0.324
a9be58c9,0.322
245199a8,0.322
50c34ece,0.322
8c8cf00d,0.322
49a9b8a2,0.322
275c6423,0.322
cf3ef4c6,0.322
d5e5b322,0.32
3dc16493,0.318
fa03c9e3,0.316
1febe821,0.316
1651fe40,0.314
68f2ffea,0.314
3a2996ba,0.314
5964f64f,0.314
874f3e3e,0.314
87d55f05,0.314
4e624949,0.314
1b9e060d,0.312
9947a540,0.312
adebc02a,0.312
b8892e15,0.312
63672c92,0.312
0e472085,0.312
e954f1bb,0.31
c18b10c6,0.31
c194df2e,0.31
6c1c9a34,0.31
83c96e2d,0.308
16589e69,0.308
2709ec18,0.308
9529f318,0.308
034df0c2,0.308
f1a6ba81,0.308
b04bb287,0.308
af5875dc,0.308
5d424c17,0.308
31e5fa18,0.308
419897f3,0.306
82c3d021,0.306
438f3f5f,0.306
f403fbcf,0.306
775d87eb,0.306
0fbdcc71,0.306
fed9897f,0.304
f01d6e1e,0.304
0eaa4019,0.304
36d380d1,0.304
b5a46bc5,0.304
e4bbac49,0.302
a18ab319,0.302
f7a0a1be,0.302
ffed9272,0.302
6ecd8db9,0.302
2ecbfc2a,0.302
3e80e22b,0.302
42511480,0.302
b38cbb50,0.302
71dcce2a,0.3
1187893d,0.3
a83f6e22,0.3
211a5e46,0.3
0260200d,0.3
3ae163e9,0.3
30cf3668,0.298
4343c094,0.298
276495e2,0.298
2733e73b,0.298
495cce86,0.298
a9637a0b,0.298
8d7ebbfa,0.298
7fafed05,0.298
28387a82,0.296
a69257ba,0.296
402a0bdf,0.296
5c513fcf,0.296
1265da52,0.296
551ed0cd,0.296
53242ab7,0.294
1bda820d,0.294
d8318dd3,0.294
cfe8620e,0.294
b8e883f5,0.294
0bc63cf5,0.292
11295371,0.292
b8c293d3,0.29
0222d5e8,0.29
c3a9dee4,0.29
876a68f4,0.29
2bc8119e,0.29
56a931cd,0.29
3a053af3,0.288
ed117f88,0.288
cd01db4d,0.288
336dfcd1,0.288
009ad003,0.288
ea525219,0.288
29375ae7,0.288
be8f3089,0.288
f362473d,0.288
f30bbc96,0.288
4ac32a84,0.288
f9402d3a,0.286
2a26a00f,0.286
14101518,0.286
fb063365,0.286
b0467d41,0.286
a8305f07,0.286
7d624eb4,0.286
deba0a0a,0.284
920501a6,0.284
6a66a67c,0.284
31a355a0,0.284
17607611,0.284
e4751f15,0.284
452bb1b5,0.284
b2ae3b13,0.284
abcd51cb,0.282
c4d870d8,0.282
0905626b,0.282
bf87fab9,0.282
546c155a,0.282
e1e7a430,0.28
887ec410,0.28
1b0955e4,0.28
522c8452,0.28
9b321851,0.28
41d4c3cc,0.28
bcfbc318,0.278
78afc71b,0.278
ed95e97a,0.278
29d24270,0.278
2db21337,0.278
5db968e3,0.276
3db26e05,0.276
2d39b931,0.276
a2156c25,0.276
8e412b9e,0.276
be0c369f,0.276
a7b1dd13,0.276
e6d62a85,0.274
a7e4ebc8,0.274
23499fea,0.274
6e4af35d,0.274
44ba4333,0.272
fd46b914,0.272
274b6ffa,0.272
9cf29b58,0.272
861ef5b2,0.272
aba89cba,0.272
e2e742c6,0.272
47c6277f,0.272
929b6c9d,0.27
c4a6e730,0.27
7b2f0377,0.27
95069d30,0.27
54a233f8,0.268
cca14c55,0.268
728b305b,0.268
248ad81b,0.268
3a0ed971,0.268
7a9d520f,0.266
091d76e2,0.266
b83592b2,0.266
2d977828,0.266
0bdbefb3,0.266
68137cb6,0.266
2b93eaba,0.266
67b4a6d6,0.264
1d7038f0,0.264
5ed043d2,0.264
a9397002,0.264
67ccece5,0.264
28a2c6b3,0.262
c3defad0,0.262
3257f6f4,0.262
33d29b25,0.262
0d2d8e22,0.262
8568b5e1,0.262
100fa4e0,0.262
bb23b3c0,0.262
2c4dfd03,0.26
e62dceb4,0.26
6cdf785c,0.26
771b80c0,0.26
94cd6d98,0.26
4a2dd29c,0.26
bc4bc228,0.26
b087fcfe,0.258
39bf7dde,0.258
166ec0b4,0.258
3d5fb023,0.258
6c3ca4d4,0.258
c01e3775,0.256
43c923a1,0.256
dfebec67,0.256
7456a699,0.256
3e808b0e,0.256
00d1b420,0.256
819bc004,0.256
f3b68119,0.254
438fa0c2,0.254
df3169eb,0.254
45f0a6d9,0.252
54c3476a,0.252
4503a2ab,0.252
e1ee8ff4,0.252
7c892585,0.252
29dbfb7e,0.252
446007e2,0.252
c5326e6e,0.25
9112966e,0.25
16eb6f0e,0.25
4edcb033,0.25
0c355848,0.25
43b8fd4c,0.25
4330de19,0.25
ee577eb6,0.248
9975449a,0.248
f1a0788e,0.248
803b8514,0.248
fc0bb4b2,0.248
2eb1abd2,0.248
74155cbe,0.248
4fe503fc,0.246
5dabd2d7,0.246
bf3bd1b6,0.246
58bd4dab,0.246
32fea9d1,0.244
a9a7fb5f,0.244
33a491c9,0.244
49001a18,0.244
1783761d,0.244
916aeff2,0.244
3dad7f9d,0.242
6ae8d2a2,0.242
bf810c2e,0.242
b45b35ae,0.242
2043420d,0.242
e06a7302,0.242
1187400e,0.242
ef81fe1d,0.242
fa87c49a,0.242
f0edad49,0.24
c33750bf,0.24
ff9f0064,0.24
60a13b1d,0.24
31a8551f,0.24
9c00cff8,0.24
0fb4ab3d,0.238
234c5fdc,0.238
0ff69a3c,0.238
07111e42,0.238
1fb1f43a,0.238
7c8e7257,0.238
81bbaf0e,0.238
7ce5fe1c,0.238
4206c187,0.238
cdab2e47,0.238
7547a8a7,0.236
ab105eb1,0.234
9560d333,0.234
bd483ad5,0.234
8b026596,0.234
51d8e4da,0.234
a5989ef0,0.234
b1f3af13,0.234
9670e66c,0.232
43ebb31e,0.232
c6cc8f5a,0.232
97b67b0f,0.232
4a849c24,0.232
fde7740b,0.232
6e81abac,0.232
379942a6,0.232
992b1372,0.232
026e37b5,0.232
3f85430e,0.232
4f9007b0,0.232
2c4063ec,0.232
4ede4d2a,0.23
df2915a4,0.23
91ae59d2,0.23
e9e45273,0.23
329d794d,0.23
18f3610f,0.23
49db6e2f,0.228
71400596,0.228
6e41a761,0.228
47431666,0.228
5c8f9645,0.228
03fd2b69,0.228
f7d873b4,0.228
e08b2959,0.228
ed8fccf1,0.228
a8a94f5d,0.228
91df387a,0.226
16500904,0.226
0df3a8d4,0.226
3b3937d6,0.226
49a9428b,0.226
7cd68a05,0.226
dd2e86ea,0.226
c654ceff,0.226
d6414b08,0.226
64f98b6f,0.226
06b7a43e,0.226
beffe811,0.224
bc7b5712,0.224
79dc2b08,0.224
601e0c77,0.224
530575e3,0.224
001d7f91,0.224
c60457fe,0.222
b415ebf2,0.222
2c53d467,0.222
b8d71180,0.222
5392e173,0.222
b0834b23,0.222
89237cc5,0.222
ea8fcefa,0.222
43c536eb,0.22
8edfa3a0,0.22
79760052,0.22
36fbabef,0.22
c979a278,0.22
e1afb3b8,0.22
977306a0,0.22
5a6a9b42,0.22
0dc8984d,0.22
59c2c851,0.22
d1ba6da4,0.22
f41e3146,0.218
ee3a537a,0.218
c638839d,0.218
14c0a490,0.218
a7096f47,0.218
19992dbe,0.218
de436075,0.218
27809893,0.218
d61560b4,0.218
f9abf07c,0.218
52917d0d,0.218
f4c009b2,0.218
1fc59559,0.218
67f13a60,0.218
385ab1e0,0.218
b13601cb,0.218
6d95c643,0.218
df506f44,0.218
31800938,0.216
7484230e,0.216
a0dfaaba,0.216
6d29217a,0.216
9534f5ef,0.216
94abfceb,0.216
110007eb,0.216
9be8f221,0.216
c8e72ba9,0.216
0387ac1f,0.214
396bc822,0.214
e69cd0cc,0.214
6d3a59e2,0.214
cedb59e7,0.214
818f54df,0.214
439502df,0.212
38dcbf1e,0.212
42e07b0b,0.212
12d8ffda,0.212
730d532a,0.212
f8ccdc49,0.212
3b7f0f75,0.21
70a66696,0.21
8e2b29e0,0.21
0eb2829e,0.21
5a707b20,0.21
6006817b,0.21
f616a855,0.21
9b6e63c7,0.21
5dd7307c,0.21
542313e2,0.21
0d943d50,0.21
5aa3d653,0.21
dbf062b9,0.21
217caa86,0.21
7db2bfb3,0.21
9d94af09,0.21
9bf604dd,0.21
e8652c9c,0.21
048ffb85,0.21
8158d4e6,0.21
8ac9bd53,0.21
17d7c4cb,0.21
e72ea7da,0.21
bfd1081d,0.208
dbc22c86,0.208
767f9155,0.208
07f890e7,0.208
a58521f5,0.208
6ca10b2d,0.208
fafb8b3f,0.208
01aa4def,0.208
99bb0b10,0.208
a5611d2c,0.208
5aedb621,0.208
dbb3523f,0.208
373b591a,0.208
591365fe,0.206
4779041e,0.206
a38951d2,0.206
b0228068,0.206
fa938ea0,0.206
94383a50,0.206
b3c547db,0.206
0d7444bf,0.206
6bea766f,0.206
9ce6a90b,0.206
0b9b91ad,0.206
2448b9ba,0.206
8b043e17,0.206
4634ed1f,0.206
59340946,0.206
2fe871e8,0.206
603d7796,0.206
69895de7,0.204
6af954f6,0.204
8605a322,0.204
1ed28a60,0.204
497f994e,0.204
34986174,0.204
9b3588f4,0.204
bc8e8b4e,0.204
290cbb0f,0.204
60b52506,0.204
252fd281,0.204
a1f06ec7,0.204
f24261f3,0.204
804f8743,0.204
6a0d88b8,0.204
6b380cd2,0.204
eeafb35d,0.202
5623411c,0.202
635dfe88,0.202
073f5804,0.202
946e36f9,0.202
c44a37c9,0.202
a1ca3e66,0.202
f743c49c,0.202
33f49d51,0.202
5d18a860,0.202
34787c74,0.202
ae8deb6c,0.2
ed1bdf03,0.2
078c3f66,0.2
20d6553d,0.2
11750814,0.2
ee39467b,0.2
95aff7d2,0.2
3b67ea48,0.2
2eeda76b,0.2
b7b2b101,0.2
279294e0,0.198
35d9bc93,0.198
45f86b70,0.198
d203a20e,0.198
5094ded4,0.198
410e80b2,0.198
7428183c,0.198
951b8ef8,0.198
59bdaa39,0.198
b2c95bd1,0.198
867768cc,0.196
b5023a92,0.196
b8734a39,0.196
f4630fee,0.196
9924c9de,0.196
131cfdc4,0.196
3a6e9f0f,0.196
fbed56b8,0.196
7d71b3f5,0.196
b9c1177e,0.196
16b7ce48,0.196
df4d905c,0.196
694dae09,0.196
0f031052,0.196
f216d6b9,0.194
8d109a38,0.194
ecc89c13,0.194
207c1851,0.194
f3aa4a72,0.194
07443e87,0.194
12f35e9d,0.194
fb259dbb,0.194
cc223b28,0.194
aad7e32a,0.194
45263f10,0.194
0142ad40,0.194
44a7303c,0.194
5628d3b5,0.194
ace4ffff,0.192
3d50abf8,0.192
06410cf4,0.192
bf67f827,0.192
084634bb,0.192
9331b180,0.192
a794e529,0.192
dd86fde8,0.192
5a6d60f8,0.192
973b0100,0.192
7ec6ed33,0.192
966a786b,0.192
c25c2c1d,0.19
276abca7,0.19
0fea975d,0.19
ceded999,0.19
d2e44ba2,0.19
39c9b6fd,0.19
904d7909,0.19
215dc818,0.19
8da5f45b,0.19
9262a458,0.19
bd7f222a,0.19
d4fbd6f3,0.19
7db57c13,0.19
351ba610,0.19
7c3ab43c,0.19
7b714f4e,0.188
bb49b98f,0.188
c7a261fe,0.188
91ad5d34,0.188
1295d892,0.188
dee1792e,0.188
a420de16,0.188
54c72a6b,0.188
74e4733e,0.188
c59d3f2e,0.188
bb69b341,0.186
e60b0663,0.186
d2b81467,0.186
6d0de685,0.186
21206cc6,0.186
a9800480,0.186
7bd1b094,0.186
940d0b8f,0.186
950b3493,0.186
84160821,0.186
432b176e,0.186
351fce15,0.186
245c2e2b,0.186
28cac570,0.186
7be3003f,0.186
5522e810,0.186
8fc35929,0.186
b95553ff,0.186
9ac59e40,0.186
1755a909,0.186
c64f5339,0.186
19380345,0.186
25afadd7,0.186
0cb14368,0.186
155f3438,0.186
5f377da1,0.186
44738916,0.184
1fa58acb,0.184
37223cad,0.184
c520bc02,0.184
5159b73a,0.184
b1adf051,0.184
46efdfac,0.184
c60d59d4,0.184
5c096816,0.184
869a1ab9,0.184
faf951c2,0.184
6194049f,0.184
c3cb1821,0.184
6661ea28,0.184
ecc517ba,0.184
e0cf9e7f,0.184
cdd3e52e,0.184
de24e7b0,0.184
52847427,0.182
44a25eda,0.182
ac0b4447,0.182
974b3cfe,0.182
dca20edd,0.182
3e288e6d,0.182
71059957,0.182
cc6db833,0.182
b0755271,0.182
073e2d1c,0.182
633faab9,0.182
47be08f1,0.182
821c12d5,0.182
c7a8327c,0.182
51cfb9b6,0.182
039ffdb1,0.182
aba80296,0.182
57bb61e0,0.18
c8926bdb,0.18
3ce08a52,0.18
8d17b4f2,0.18
a060e029,0.18
2b1f5779,0.18
24c70961,0.18
c3eba111,0.18
79436bbc,0.18
49fdd423,0.18
eff97bac,0.18
07614c56,0.178
4c745050,0.178
3a6566d0,0.178
26a4f12f,0.178
39567c2f,0.178
8e1edad0,0.178
5e0abe78,0.178
4b23abaf,0.178
3a843002,0.178
60915b70,0.178
57fc30b3,0.178
0f78dd66,0.178
da6d6298,0.178
13926d50,0.178
0c91aab3,0.178
5deb382f,0.176
673a427d,0.176
d43b88c9,0.176
a30d45d6,0.176
d5c61f47,0.176
1f05e8e8,0.176
e8455eef,0.176
f482f79b,0.176
ded84a5e,0.176
6ef48791,0.176
13ac3fec,0.176
c613f8a9,0.176
51655d40,0.176
cf86a62b,0.176
bdaf1d1c,0.176
7acb3c3e,0.174
ae71f2b7,0.174
6316d29f,0.174
5b9b472a,0.174
a777b00c,0.174
d80da43f,0.174
5019af3c,0.174
c598237b,0.174
53053933,0.174
79cf565d,0.174
52c2c488,0.174
d72b5cad,0.174
9c6b408b,0.174
5d823906,0.174
d71c44a5,0.174
fde08372,0.174
93f9e892,0.174
c39e1bb9,0.174
e3438833,0.174
60f9c7d9,0.172
c64373b5,0.172
0a050e9b,0.172
32d8deb1,0.172
ab375fec,0.172
0e2fca64,0.172
dc66e278,0.172
d58b35bd,0.172
4b0ccdc4,0.172
8efed405,0.172
5306e803,0.172
8f85fd13,0.172
8f709ec7,0.172
5c234e4e,0.172
53c0c452,0.172
2b5d9b25,0.172
c50e8ed2,0.172
f37d918a,0.172
c6250340,0.172
cff5723f,0.17
ebb34bac,0.17
7f339e96,0.17
f69ae83a,0.17
800a96a0,0.17
5e2b8068,0.17
c10b11ec,0.17
ff6b18a1,0.17
fc6b11a7,0.17
1e502a44,0.17
52ad2cab,0.17
e3fc3651,0.17
1123da80,0.17
4a6c4bc1,0.17
9507d787,0.17
fe540f21,0.17
4881e19f,0.17
0def0710,0.17
2efd03c2,0.17
6d707cd8,0.17
4f452839,0.168
cea9683e,0.168
29ab7fb8,0.168
5399929a,0.168
eb7d6558,0.168
75f2421d,0.168
d0ea8486,0.168
1c0dc231,0.168
f7fbabe7,0.168
2da18ecb,0.168
6c42c14c,0.168
d19ca383,0.168
d6d990b5,0.168
1f96ccd1,0.168
0883b660,0.168
d721de9d,0.168
107e3d11,0.168
962a06ec,0.168
bc019859,0.168
c77d5a27,0.168
895c0f60,0.168
26df16c0,0.168
932b23a2,0.168
74bdc988,0.168
895aa5be,0.168
7a984b16,0.166
4c896aaa,0.166
276e26e1,0.166
96d481c9,0.166
6595a6d0,0.166
c4e9f8d3,0.166
82fa6421,0.166
17eecd41,0.166
2fd167c7,0.166
ca2b73bf,0.166
ab13e21a,0.166
d776a2ee,0.166
d5f9bc9e,0.166
1bbace98,0.166
03d473f2,0.166
5b797607,0.166
102b5ed7,0.166
010ac5e6,0.166
672dbf36,0.166
2f1e236a,0.166
8ab6caba,0.166
fc442698,0.166
c35f35f6,0.166
b4b94990,0.166
2d758899,0.166
2fe0f743,0.166
25c9c257,0.164
e8b54124,0.164
e4ae0748,0.164
a052b154,0.164
87cbe4b6,0.164
f46b61ed,0.164
1e96abdb,0.164
41c2500b,0.164
86475380,0.164
ab8e8d02,0.164
4d1a15ff,0.164
c37169b2,0.164
0d4e320f,0.164
4b6cacf6,0.164
25c03fa6,0.164
7c4ea133,0.164
3d094252,0.164
0de87ebe,0.164
13702ad4,0.164
00e608ef,0.162
4e240f83,0.162
c43aad53,0.162
68fca7fb,0.162
ef6245fb,0.162
043050b7,0.162
51f4ec59,0.162
f36318e3,0.162
0a867b91,0.162
66aff7e2,0.162
5ab07be5,0.162
c2003d7b,0.162
98fced87,0.162
b1a16482,0.162
f45d4460,0.162
62e35989,0.162
9b553771,0.162
68ced00e,0.162
816e0a96,0.162
866df39d,0.162
764b16d0,0.162
50d3c116,0.162
252a6fa9,0.162
3c3bdd04,0.162
444e1177,0.162
1b827125,0.16
688c4f64,0.16
3fcdbba5,0.16
9d3f85a4,0.16
5f23878e,0.16
f574b4f9,0.16
228bc9a5,0.16
c387cc61,0.16
187ac9b5,0.16
ea24904d,0.16
72ee33c1,0.16
bc324fc1,0.16
17bad314,0.16
4351f04b,0.16
ba79b895,0.16
3f1bee69,0.16
f6d6a9f4,0.16
0b457a23,0.16
f6e2dc58,0.16
9e288831,0.16
9a5c1bb9,0.16
69568ed5,0.16
7ebf75e6,0.16
cf737c06,0.16
f1fd6990,0.16
1d3998d3,0.158
a2c34311,0.158
866bc5dd,0.158
64aa495b,0.158
cbfd95d1,0.158
7ef74417,0.158
a39075b4,0.158
b192c9bc,0.158
68f43cd3,0.158
54dea07e,0.158
9ca232da,0.158
75df82c8,0.158
ce02f355,0.158
c82b7aa2,0.158
8ed7ff84,0.158
5140832c,0.158
318fa2dc,0.158
0b620edd,0.158
ebab9278,0.158
50d23d77,0.158
24873fa1,0.156
be9f618d,0.156
833adc8e,0.156
f0e78eac,0.156
2ce80def,0.156
54b3279b,0.156
50d8c866,0.156
44755f65,0.156
92a831d9,0.156
9f3800e4,0.156
6f0774bb,0.156
31f3f9f9,0.156
3022bac5,0.156
67a06ae0,0.156
92ac2f18,0.156
8a6e9948,0.156
a8024751,0.156
bc22ca7c,0.156
1c7343d0,0.156
f05aa18e,0.156
6b13333f,0.156
8aa25706,0.156
7e135589,0.156
351376ea,0.156
f4a8c3bd,0.156
6444e7e0,0.156
8c6c8cf6,0.156
edaf5e01,0.156
d806fee5,0.156
6cbc51cb,0.156
305eda2a,0.156
4d4b04a5,0.156
0e42c2dc,0.156
7dd8deb8,0.156
8abe895a,0.156
f3293de9,0.154
03873ac8,0.154
273dde2c,0.154
0626ddc3,0.154
35c77c1d,0.154
306e75a5,0.154
094bf38c,0.154
f56cbd2e,0.154
4500b67f,0.154
848f859b,0.154
d45f0732,0.154
fc6e7412,0.154
dbde9c11,0.154
f95144e4,0.154
8f6aedb6,0.154
438d52a4,0.154
e85ea737,0.154
6ae0d59d,0.154
2fd5568d,0.154
fa34510f,0.154
65bc4077,0.154
4a71c323,0.154
8b7881ff,0.154
d264d7f2,0.154
4efd263a,0.154
18c02675,0.154
88318722,0.154
533d0d41,0.154
f7becf37,0.154
71f8a98c,0.152
7c101aef,0.152
d980a1e7,0.152
0d0d580f,0.152
bbf070ad,0.152
0ef7d398,0.152
27f8587f,0.152
1b5c58b0,0.152
41c2e4a1,0.152
917217c3,0.152
e3548dbe,0.152
bf6a65ec,0.152
98c68dc6,0.152
e2cb4e62,0.152
fd776f70,0.152
951afae8,0.152
16d7ac80,0.152
cec706a8,0.152
0253ac53,0.152
fba7bd41,0.152
f3a5817e,0.152
5ab3d294,0.15
fb70b2b8,0.15
40459683,0.15
580b6a9c,0.15
96f23bb9,0.15
dec066ab,0.15
82ac0e2c,0.15
87191bf0,0.15
cee96572,0.15
9f12c79d,0.15
ddbc90fc,0.15
269d3537,0.15
eb917365,0.15
92eca984,0.15
3c7d324d,0.15
8c51bfde,0.15
7b9da8bb,0.15
996d7538,0.15
2670ef98,0.15
73414cf6,0.15
a3e0910c,0.15
cc658900,0.15
b5c385e8,0.15
9c23d17c,0.15
7b0d47b0,0.15
eae0e86c,0.15
2f51d311,0.15
24f4d81c,0.15
1eb8e559,0.15
c099afe6,0.15
d76b7df5,0.148
a1a54fef,0.148
58df1a82,0.148
1b60d839,0.148
c8072f87,0.148
4153322f,0.148
7d85d979,0.148
187c2eaa,0.148
7b25609c,0.148
263b84ed,0.148
e6892386,0.148
34edfb07,0.148
7fee9c64,0.148
8c28feed,0.148
dcfd51fc,0.148
0c698152,0.148
c865a5b3,0.148
a8ac0fb7,0.148
92133269,0.148
41a6c6ee,0.148
3878f59a,0.148
eefef879,0.148
b69ae1de,0.148
c9fcf1cb,0.148
90959e56,0.148
748b6484,0.148
de2fe353,0.148
4e25b6aa,0.148
0ebe0a1a,0.148
c18cef8b,0.148
bcd94409,0.148
4d9beefe,0.148
ae5c31a6,0.146
720d5989,0.146
7d43311c,0.146
16cf1f0b,0.146
43319afa,0.146
15c893f4,0.146
4554787d,0.146
6b812d2f,0.146
9a27424c,0.146
dc79eda5,0.146
f6f2ea8d,0.146
7b05f3b6,0.146
ab66dfa0,0.146
0ff890ca,0.146
5da31cf8,0.146
f4e28908,0.146
db7d6888,0.146
8eb07310,0.146
755dfc17,0.146
829fdbdf,0.146
6ef31aac,0.146
7fd3490c,0.146
89566fa6,0.146
e3b0c83d,0.146
1eed9251,0.146
a4ed7bd7,0.146
30b1a14c,0.146
5345e198,0.146
3f35842b,0.146
d701c163,0.146
cc86daab,0.146
86cd958a,0.146
b0ee2a65,0.146
d4f26718,0.146
6810f0c2,0.146
021854b5,0.146
3e7db97e,0.146
eb51531f,0.146
874a580b,0.144
76598d26,0.144
3010f560,0.144
e2786463,0.144
8b71c402,0.144
8e0afd12,0.144
42667039,0.144
69345c71,0.144
9e0787d5,0.144
bad3389e,0.144
6d4684ca,0.144
22c9fa79,0.144
c375d757,0.144
7502d36c,0.144
161d9c06,0.144
c52bc3c5,0.144
d08f5aef,0.144
fffe5951,0.144
10a58edd,0.144
dbbf9bec,0.144
b59009d9,0.144
3a6c44af,0.144
372d3fc3,0.144
69c0a941,0.144
8f6e9c62,0.142
47efd3ac,0.142
4fc96bcc,0.142
7fae2e3d,0.142
98e8b685,0.142
d3d39212,0.142
d01c6e0d,0.142
6bac64de,0.142
b784017f,0.142
fd9d049a,0.142
deb99168,0.142
fba0352f,0.142
c647198c,0.142
9f056373,0.142
3a1eb46d,0.142
9dcac3e2,0.142
472fbc7d,0.142
ecb7d391,0.142
d1167b4b,0.142
f495bd2d,0.142
5879ad4f,0.142
f344ad98,0.142
88befcbe,0.142
5851575c,0.142
6678116a,0.142
674ee7ff,0.142
51bd46ef,0.142
1d471822,0.142
7ed83dac,0.14
cfa7d0e1,0.14
8871f2a5,0.14
291db8a9,0.14
68950ac0,0.14
14ff296c,0.14
51fd41cc,0.14
786138d0,0.14
283b12a8,0.14
486084b3,0.14
cee2a25b,0.14
5cced877,0.14
1e8408b0,0.14
2a34d796,0.14
887939bd,0.14
945b3eb0,0.14
ec38a6c7,0.14
600d6d33,0.14
0cdb7317,0.14
845e6d6d,0.14
48e1d992,0.14
2fd3d095,0.14
fdbc0f3f,0.14
6402f002,0.14
77fc0fb7,0.14
ec9fca93,0.14
50bb9b8f,0.14
00249e1f,0.14
b0692f5a,0.14
8b1e0798,0.14
1c621350,0.14
26997313,0.138
4e0ad5dc,0.138
f72821d1,0.138
f458a797,0.138
2325c534,0.138
6d9f1452,0.138
fd3eda74,0.138
0490242e,0.138
deb105f3,0.138
6e9f5f3d,0.138
4138c9a5,0.138
ff063dc9,0.138
6acf6f60,0.138
37a7a9e3,0.138
4131e502,0.138
ea4d9676,0.138
e97566aa,0.138
c730342a,0.138
2a5c9289,0.138
1b5fc4ea,0.138
4f4fd701,0.138
9234e89f,0.138
9a9e5fc0,0.138
2ece3d45,0.138
a428fce9,0.138
0ac78f39,0.138
e49878b4,0.138
cae36257,0.138
34575d3a,0.138
9a0d3bcc,0.136
895d6fb6,0.136
a24f2199,0.136
d41b8475,0.136
e5496b04,0.136
2c962bc2,0.136
2d67e7ea,0.136
8883b794,0.136
6cdcdb6b,0.136
8a03ac39,0.136
4b504598,0.136
6e004de7,0.136
edac53f8,0.136
da53dce0,0.136
439c45e1,0.136
e17f46dc,0.136
f18de557,0.136
272cf91b,0.136
e3f8e31c,0.136
2a8e5861,0.136
029ba663,0.136
efbbd1a5,0.136
df55c39a,0.136
12e9da7d,0.136
c9102fe5,0.136
9ddae732,0.136
829d1535,0.136
f76f2528,0.136
5ee696bb,0.136
a97b42f2,0.136
f4607325,0.136
36984dee,0.136
6fa128e6,0.136
72bf1529,0.134
47122110,0.134
9383872f,0.134
94aae817,0.134
c5aa74f8,0.134
765c7970,0.134
cd66f392,0.134
70ff9465,0.134
5e8d48fd,0.134
0d698ab2,0.134
368f8a3b,0.134
4bc049d3,0.134
c753b58b,0.134
23fc5e6d,0.134
3e0ad65f,0.134
015a337d,0.134
0a90b08c,0.134
90024aba,0.134
13acc560,0.134
b04bff91,0.134
39466da8,0.134
826a150b,0.134
b5a8998c,0.134
f47f835f,0.134
59c03528,0.134
5d814abf,0.134
ed24af42,0.134
3cc2e214,0.134
cf0049df,0.134
2136c039,0.134
f6be0a77,0.134
d4a75026,0.134
2a978450,0.134
4cfd6332,0.134
a3974085,0.134
061e96ac,0.134
ec18a2ff,0.134
11103347,0.132
372c4322,0.132
95a4ad04,0.132
f867e32a,0.132
9310f416,0.132
82b710ca,0.132
dc5cd88b,0.132
7f48dcd1,0.132
40519cb2,0.132
639dea6e,0.132
cd3a2d44,0.132
095e8f0a,0.132
e2c85332,0.132
88c5d545,0.132
cbe3522c,0.132
194ef691,0.132
da99cc3f,0.132
45fb8735,0.132
e5813956,0.132
2ef5d835,0.132
1b6b3d8d,0.132
5c5adee4,0.132
7ce586f8,0.132
cd73cfec,0.132
72ebe2c9,0.132
3b879d49,0.132
df820c87,0.132
ce09c788,0.132
82dc9953,0.132
b121511a,0.132
f3dd8bf4,0.132
d7490ded,0.132
dcf76a2b,0.132
0cd13e27,0.132
e4a2779f,0.132
90136af4,0.132
b6a29e3d,0.132
cf4ba17b,0.132
e00629c1,0.132
a03ba61b,0.13
ebfc2c53,0.13
a10efbd4,0.13
e507a7e2,0.13
efa25d40,0.13
8944763e,0.13
b6e2ff30,0.13
56a1ed3d,0.13
54bd3013,0.13
6f418c4e,0.13
2f435c72,0.13
ba846c3d,0.13
3cb1c783,0.13
cd016881,0.13
c15e6d73,0.13
c573daf5,0.13
813563e8,0.13
f1551af3,0.13
ade20ddb,0.13
10a1f813,0.13
f337d7f4,0.13
57a4da9d,0.13
4f1ba068,0.13
e5f30b3b,0.13
ce5b1fd5,0.13
50500018,0.13
6cd9331e,0.13
8d3ec160,0.13
e4ca2e8a,0.13
706f73e4,0.13
0318d0b2,0.13
c558071e,0.13
afdff355,0.13
a3a5eb86,0.13
f8e3df3f,0.128
a1a5b928,0.128
100676bd,0.128
cfa58fd9,0.128
2c36b321,0.128
cd1d885c,0.128
b78acd54,0.128
3000b732,0.128
f8b08106,0.128
82f84089,0.128
3b867921,0.128
9955187a,0.128
2d600c94,0.128
ef0149cb,0.128
30938ba5,0.128
bde57f2f,0.128
2a019925,0.128
15a21261,0.128
6ecc6f0d,0.128
96782e08,0.128
ff137853,0.128
3fc39202,0.128
bde17b7b,0.128
2f070adc,0.128
cd0c5c03,0.128
a7a792ee,0.128
f0ac8a58,0.128
b9ce158c,0.128
e56f2b2c,0.128
cad4c420,0.128
be5e94f3,0.128
26833e44,0.128
9d70791a,0.128
f1052d40,0.128
81edc25d,0.128
05d094e3,0.128
3b9351e1,0.128
a9d9c60b,0.126
fcec406b,0.126
61553ed9,0.126
c12326d3,0.126
b5b2ca41,0.126
e8f7bf13,0.126
8ca3e727,0.126
e4b491d1,0.126
bab2f425,0.126
88dcbafd,0.126
cf83c3ca,0.126
fb8877c1,0.126
63260eac,0.126
aec5e036,0.126
037c4d68,0.126
02a30fef,0.126
6f5c5996,0.126
32447efe,0.126
a545df59,0.126
d6ac35fb,0.126
0e28bdc6,0.126
befbbbcf,0.126
dbad52c3,0.126
b491342a,0.126
e9c3515b,0.126
366386ce,0.126
96886905,0.126
d92558b6,0.126
cad91b09,0.126
c9bc3ede,0.126
7122e7c8,0.126
1eaa2f02,0.126
ae80e3ca,0.126
cdd0054b,0.126
a08cf0a3,0.126
1e0363bc,0.126
c99f8799,0.126
74653ad8,0.124
4de45765,0.124
f0d6d930,0.124
c2798fc8,0.124
2cf68c85,0.124
e6c198e2,0.124
ef382def,0.124
943c2b2f,0.124
9196ae40,0.124
fcb17ba7,0.124
0c6b9bb5,0.124
0db15bd5,0.124
80d36a2d,0.124
2de3674f,0.124
6b6d533f,0.124
90ec62b1,0.124
c521e443,0.124
29abdff3,0.124
46cc2b3b,0.124
c3bd6c13,0.124
aee8859d,0.124
7543a677,0.124
0a9e2fb3,0.124
ca7d089b,0.124
a0333642,0.124
5fa5009a,0.124
9088cb76,0.124
fabd2b8e,0.124
b0f7f023,0.124
1efb46eb,0.124
2b5dbda8,0.124
aad61ad5,0.122
d3c176a6,0.122
b11c544d,0.122
7a074d55,0.122
394a1211,0.122
7a87e767,0.122
06951169,0.122
e0ba076c,0.122
3fb65fda,0.122
49d11c20,0.122
86d2ae62,0.122
64e9f711,0.122
985b9e0f,0.122
e5153e3a,0.122
c4072845,0.122
5ae7e9c0,0.122
b4c37691,0.122
9a81b0ba,0.122
233ef2b4,0.122
7e289f57,0.122
5ea7e07c,0.122
9a1db7e2,0.122
079af4f1,0.122
443e9e8a,0.122
50f96c55,0.122
7e5555ae,0.122
e4abe9be,0.122
2cbd7e48,0.122
4260508f,0.122
5ad6a8a7,0.122
864febaf,0.122
d59f037e,0.122
235d2776,0.122
c9122457,0.122
5f4f1358,0.122
4303572b,0.122
459d7f9f,0.122
8ce15b16,0.122
0e6e0b7b,0.122
8040849a,0.122
25e468ad,0.122
09bcf3f8,0.122
aedcfba8,0.122
b70316f6,0.122
fe36bc36,0.122
4d0ea3e3,0.122
9645a2d6,0.12
1522f1a9,0.12
1d1bee74,0.12
4aaac1ba,0.12
faff9628,0.12
956a22e0,0.12
7e6b0777,0.12
74b730f9,0.12
3994008d,0.12
b7f8a2f3,0.12
685ea69b,0.12
5910805a,0.12
a475aabb,0.12
abab76f2,0.12
1f75bd35,0.12
59bfff03,0.12
2598379a,0.12
9477f0ef,0.12
2619de50,0.12
b5fb9eaa,0.12
393e97f9,0.12
1c8d0bdb,0.12
12216eb4,0.12
ec5182c0,0.12
fb2b6717,0.12
114fd46b,0.12
2d28e819,0.12
463e53e5,0.12
640f54cf,0.12
aa4bb54a,0.12
2bf62641,0.12
3a014a4f,0.12
f6a39d28,0.12
8a115a70,0.12
14a7c1d0,0.12
2c63cfc8,0.12
0c77def5,0.12
0d2735aa,0.12
a8792956,0.12
2ae9b306,0.12
f38af438,0.12
f2afe9e7,0.12
3b2c4ffc,0.118
226ea237,0.118
46eeac7f,0.118
8fe50b54,0.118
06a967c6,0.118
9c21da3f,0.118
6cb9499a,0.118
6c981f1e,0.118
8c3faf73,0.118
acfd1a1a,0.118
98c7a52f,0.118
5d58159d,0.118
c3f190e1,0.118
d1959f71,0.118
0b440dcb,0.118
075e2681,0.118
d72d34e6,0.118
34f9dadc,0.118
548ab644,0.118
6e2274e7,0.118
b547b72c,0.118
4f825464,0.118
6a1a66b9,0.118
1f69619b,0.118
996fc09e,0.118
1560f535,0.118
e8b2c32a,0.118
853888f2,0.118
86767f01,0.118
cfb5e719,0.118
779ad2e2,0.118
d7033ae2,0.118
22c55625,0.118
9d71136e,0.118
7643d9d0,0.118
7ba0d348,0.118
8ee40070,0.118
fff8b9f9,0.118
544c4a6e,0.118
a99347eb,0.118
52026364,0.118
1d10b8f8,0.118
d78898c8,0.118
5e448602,0.118
339b3495,0.116
6d2342c0,0.116
ebf84235,0.116
f03f3f0d,0.116
554704cc,0.116
15176de4,0.116
31f8533d,0.116
7ff231e6,0.116
6fb16ce8,0.116
5b0242f8,0.116
84702981,0.116
01d8096d,0.116
c35aa495,0.116
9bcd0b44,0.116
7a7b85af,0.116
d08f9bea,0.116
5a27b148,0.116
e176cfd8,0.116
2bc41cb7,0.116
9298cd30,0.116
8c98c1d4,0.116
6c14e8e0,0.116
7b64182a,0.116
601efb58,0.116
c9403502,0.116
175e76db,0.116
fdcbc247,0.116
942ff414,0.116
bf8c859f,0.116
46fccf32,0.116
dfb5e649,0.114
918788fc,0.114
d01df841,0.114
173f56a7,0.114
586bb792,0.114
f773f815,0.114
b8fb8fb4,0.114
7976da29,0.114
b11b244e,0.114
e1afa94a,0.114
08115ea0,0.114
dc16d1dd,0.114
08449673,0.114
ada6df77,0.114
1c823ded,0.114
6fa2fd3c,0.114
84cb5470,0.114
d4b0665e,0.114
448cc28f,0.114
0b024279,0.114
7e6c79b8,0.114
47bef715,0.114
558f6cd3,0.114
ea6fa8de,0.114
89245a52,0.114
8ccc8d2e,0.114
7be5ea03,0.114
468963c0,0.114
dbc08aec,0.114
5c82f4e6,0.114
66c9cd86,0.114
7bc14e78,0.114
889ae7f0,0.114
b5fc6c2e,0.112
7b76f00c,0.112
f688f589,0.112
bc530cbc,0.112
d662ccb2,0.112
db2e7039,0.112
e6bf2421,0.112
195d7300,0.112
e66957ad,0.112
57bbdea1,0.112
f80ce2d4,0.112
49590f30,0.112
a7eeb053,0.112
c1de7f7c,0.112
28a2e3cf,0.112
e2f18049,0.112
f7fc384d,0.112
51955382,0.112
540312f2,0.112
3c11b3f3,0.112
5e0bc081,0.112
d3137beb,0.112
78a9d013,0.112
d139694f,0.112
ffbb375c,0.112
d3ee73e1,0.112
afa1a065,0.112
8ccafa4a,0.112
e2170b2c,0.112
9234133d,0.112
ff2605a4,0.112
1a80b636,0.112
4a1e32f2,0.112
29c25757,0.112
ba805b83,0.112
1d643758,0.112
798fe7b2,0.112
3146e458,0.112
30a8dc9d,0.11
2ce1dde6,0.11
82d7bd82,0.11
af0960bf,0.11
6d951589,0.11
5c3c218b,0.11
ee02224d,0.11
9e469b50,0.11
40cf43dd,0.11
de0b1454,0.11
3e9de4b7,0.11
913ee2af,0.11
f8a5fd85,0.11
60d86859,0.11
87db13e9,0.11
326c9747,0.11
b0e90ef2,0.11
372b6ca6,0.11
af04dabc,0.11
3ec38627,0.11
41224a74,0.11
c70cbbe4,0.11
baeb418a,0.11
a810741a,0.11
5527153e,0.11
349c42a6,0.11
d1cb59f5,0.11
5eac17f0,0.11
6c9bc72f,0.11
d8eb3039,0.11
f3ec1689,0.11
6e5cd3a4,0.11
285c6987,0.11
801867fd,0.11
60f5a39d,0.11
921a94f2,0.108
b600a1ab,0.108
02d0d005,0.108
4625ccca,0.108
4b81a9bc,0.108
770f81d8,0.108
e421fe2d,0.108
57290d0f,0.108
b3a4ac78,0.108
c015c2cf,0.108
62f2b1e6,0.108
a9c1fae6,0.108
1fa89934,0.108
9c04107f,0.108
9589dd34,0.108
3c0affec,0.108
2d746b93,0.108
38b4359e,0.108
8638144d,0.108
0eab04cb,0.108
aa52f0c3,0.108
2ea3ae0f,0.108
fcebc57a,0.108
28ba6adc,0.108
858a6c1e,0.108
c4a2ab5e,0.108
6e818108,0.108
a393e61f,0.108
2919d579,0.108
df17cb52,0.108
84d3be62,0.108
5d60d2c7,0.108
4e9f0436,0.108
0626fbea,0.108
208d346c,0.108
04336b06,0.108
521e8443,0.108
d963f99c,0.106
263a2ae1,0.106
32e65403,0.106
6c27efae,0.106
490d9b19,0.106
dc50d0d4,0.106
cbf72be4,0.106
504640ad,0.106
ff974c08,0.106
f6e58e6f,0.106
388fdbcd,0.106
773b30b8,0.106
4197d03e,0.106
6c25a517,0.106
8b1eb2df,0.106
4720758d,0.106
05d79547,0.106
1e1c3168,0.106
7a58dc81,0.106
bc67932a,0.106
fab88cb3,0.106
5e82e488,0.106
fb10252e,0.106
bcfb7352,0.106
47873616,0.106
0b7070bf,0.106
dbba96fc,0.106
f894358a,0.106
74e2f7ae,0.106
d5cb30e0,0.106
5fd4b3f3,0.106
63417343,0.106
1633be87,0.106
a814c4ad,0.106
5609e7dd,0.106
5557f8a6,0.106
f816ee0f,0.106
ba6ca3e9,0.106
29b5ff2f,0.106
bf70c18d,0.106
1f1563c3,0.106
02b1e5b7,0.106
07040cb9,0.106
ae4841d7,0.106
d4687fa0,0.106
b6fdaccb,0.106
d7a323f1,0.106
eee6f2b7,0.106
a55bca12,0.106
63de5af4,0.106
02d096c3,0.106
ba9ccb43,0.104
53c643d3,0.104
4c7ce1bd,0.104
a0cdc5c7,0.104
709c846e,0.104
aabfac60,0.104
5c6b3949,0.104
7ce10cb4,0.104
11e25c79,0.104
c949591f,0.104
425f3224,0.104
e04ff351,0.104
e2aa2814,0.104
9196e824,0.104
38a914ee,0.104
41674175,0.104
e86df9de,0.104
232d203c,0.104
631ed05a,0.104
49fa9106,0.104
982d22b1,0.104
cbbb8887,0.104
c990ddb5,0.104
71173902,0.104
3022a6d3,0.104
5f6c8145,0.104
daa9de8d,0.104
cec1af41,0.104
fcfd8050,0.104
df830d14,0.104
60e16920,0.102
bed5bd78,0.102
3323a8c8,0.102
05be9872,0.102
0470c4bf,0.102
08a09b64,0.102
79ef4263,0.102
cd2b4dc7,0.102
cbbc9521,0.102
12ee6e58,0.102
0dbb387e,0.102
1f026fcc,0.102
72364ebd,0.102
f6cd7294,0.102
3aba5ce4,0.102
7a50e5b3,0.102
ce804d4b,0.102
0ef366ac,0.102
01ec0d21,0.102
e6b315b2,0.102
9775ade4,0.102
5ffb1209,0.102
b837b6da,0.102
cf130fd0,0.102
2180c7f2,0.102
b9b8cee7,0.102
4bdd7bbc,0.102
caeb9083,0.102
3beaede3,0.102
8418ac63,0.102
3eeeb16a,0.102
d23306f5,0.102
bd792ff9,0.102
4e352dc6,0.102
cc0063b7,0.102
868f9170,0.102
b9ed9da4,0.102
40be344d,0.102
43fe9735,0.102
74b9ebfa,0.102
f10ab4d4,0.102
6e129b1c,0.102
49dc0c14,0.102
2c4d109f,0.1
18712699,0.1
be73ebd0,0.1
3947de3a,0.1
d0cc2df0,0.1
7d7b091d,0.1
31e9ddeb,0.1
3a4dfe42,0.1
b196dcf8,0.1
bad078e4,0.1
15c8eba1,0.1
53c11cfd,0.1
1917e033,0.1
d8bc551d,0.1
020d6731,0.1
c478ad22,0.1
8f40ed14,0.1
b087dfe9,0.1
106fd8fa,0.1
a534ee47,0.1
21074709,0.1
9fb1d002,0.1
409866fc,0.1
b1224d6b,0.1
ae056219,0.1
f3c29284,0.1
f3bff4b1,0.1
dbb70369,0.1
9b090e8e,0.1
7d488fc1,0.1
9ec679f1,0.1
f1c4e8fa,0.1
65d7fcaa,0.1
e4bab46b,0.1
fc093cea,0.1
3382b83f,0.1
54e1b707,0.1
d721d80b,0.098
25ffde77,0.098
62758f04,0.098
9574d9c3,0.098
e6109800,0.098
8a35b626,0.098
596ed0f9,0.098
dec824c1,0.098
3602da39,0.098
2f407382,0.098
105a9e77,0.098
35d7472b,0.098
2168f491,0.098
b39fd997,0.098
9f6fe271,0.098
a5640b8e,0.098
e0350fa2,0.098
991c119f,0.098
a269da2c,0.098
0cc6b1cf,0.098
3273affd,0.098
a11dfffb,0.098
53952980,0.098
c1e1d972,0.098
de6dfacc,0.098
2e2d796e,0.098
b544884b,0.098
d89c09ed,0.098
7398524d,0.098
4c61abb7,0.098
34d22f73,0.098
c38a3e3a,0.098
5a0e92c3,0.098
78c6fdb5,0.098
02fc99b3,0.098
de42e4e9,0.098
805c1c50,0.098
d0a6960c,0.098
a0b37e94,0.098
5f1df2c3,0.098
cd1a06e1,0.098
a5925a6b,0.098
e08051fb,0.098
a22636f4,0.098
4988f365,0.098
5dd19b1a,0.098
a5c279c8,0.098
0c63fccb,0.096
d1657949,0.096
fbf591fd,0.096
9b9558e6,0.096
3708fafe,0.096
9072d429,0.096
78dd23cd,0.096
e6c55597,0.096
c71a1a8a,0.096
736320db,0.096
6e9ce03d,0.096
b342bc5e,0.096
d682ab76,0.096
7bf3140c,0.096
a76297d6,0.096
7253fbf5,0.096
53bdda77,0.096
d530eaed,0.096
5eec14d5,0.096
c51e2604,0.096
13867c51,0.096
02481f99,0.096
2b774dfd,0.096
b7580e4f,0.096
15a3a150,0.096
14bedd66,0.096
b7ff0b24,0.094
bf0b041a,0.094
3cdc69a4,0.094
1af55990,0.094
25cba86e,0.094
0856dfd2,0.094
bf992bd9,0.094
c7bd50c7,0.094
1bedb803,0.094
a3b763d7,0.094
fe0f4629,0.094
54aa718b,0.094
debc759d,0.094
9d964f1d,0.094
49a21d19,0.094
ded54203,0.094
18c630e1,0.094
9f5f0b4d,0.094
f96e992c,0.094
0bdf8c9f,0.094
e6a5a7fe,0.094
fbfd52f3,0.094
2e876bba,0.094
a6c9b82e,0.094
e34ef4b0,0.094
b82f3091,0.094
ba7641a5,0.094
dfc42bba,0.094
eac20bff,0.094
f5b53f25,0.092
5d82bbe1,0.092
dc415c3f,0.092
85250840,0.092
46c092b3,0.092
503b35ab,0.092
ab0d5632,0.092
62fb6633,0.092
82c26fd2,0.092
7ccacc15,0.092
2a697547,0.092
85b3f61c,0.092
c7e0288f,0.092
8e7fa400,0.092
40c734d2,0.092
e4e836cc,0.092
875e1a33,0.092
9e07a180,0.092
a148bf22,0.092
b5c5d061,0.092
b345e342,0.092
19fc3de4,0.092
ac02fba7,0.092
fec91c67,0.092
d45118fc,0.092
0e7b0ba7,0.092
34f8dc77,0.092
b9f188f8,0.092
f1a19c92,0.092
b7a88009,0.092
24e59f8d,0.092
66ad3db7,0.092
b3af1d95,0.092
85e47b59,0.092
6334e30a,0.09
c8f91259,0.09
bbabbd50,0.09
15069029,0.09
576b5e01,0.09
57008a3f,0.09
460c87ba,0.09
53898765,0.09
059bb49d,0.09
ac9b7a03,0.09
8b8cfbae,0.09
c4a908fb,0.09
e660a576,0.09
6e36d872,0.09
86efaaf4,0.09
7b13e02f,0.09
e1184450,0.09
43d80549,0.09
8020cf7d,0.09
e9711766,0.09
d51db632,0.09
9915d5f8,0.09
029b1572,0.09
159afe00,0.09
add4e8f4,0.09
88400951,0.09
b6fceb9e,0.09
a7fa6a74,0.09
e644afd9,0.09
476973f3,0.09
6a11dabd,0.09
1980dd03,0.09
1d70d9ee,0.09
c3102df5,0.09
6791548e,0.09
d9f7f95f,0.088
e4dfacdb,0.088
6a794cca,0.088
e87d0657,0.088
723b0261,0.088
7dbad687,0.088
b21b533f,0.088
8965bb3d,0.088
3add60d3,0.088
85b4ec8c,0.088
a63067fb,0.088
6654d5c8,0.088
e14f4730,0.088
b0dbd041,0.088
ed7ad7bb,0.088
999aeaf7,0.088
ff0e0b78,0.088
65cbe72a,0.088
b0227d18,0.088
a8619edd,0.088
be0cd513,0.088
0acccfc5,0.088
207c831a,0.088
909d3f84,0.088
25a08a5d,0.088
be847fe0,0.088
d4c3d11c,0.088
a1800229,0.088
49e4c168,0.088
dadc32d4,0.088
b32dab1c,0.088
33629e5d,0.088
b36602f1,0.088
b1de2f34,0.088
3483ad68,0.088
3932e298,0.088
9e09e334,0.086
b59a9a24,0.086
354dc6c9,0.086
f5306ccc,0.086
b90c5dc1,0.086
9ec69520,0.086
0b8c7030,0.086
efc024bb,0.086
769b2acf,0.086
8b13ebab,0.086
f235e826,0.086
e4767bcb,0.086
89871c51,0.086
58559f6f,0.086
a47ae116,0.086
36a696b1,0.086
1c88f411,0.086
d4b34b57,0.086
99194787,0.086
aade1733,0.086
141b42d3,0.086
d40959da,0.086
04ead32d,0.086
21d41c94,0.086
8a3ce391,0.086
d593ed11,0.086
d2136982,0.086
06f0a5af,0.086
8850abe8,0.086
1e23790b,0.086
72f2f5d2,0.086
8ff3d710,0.086
170f2cc3,0.086
b5c4c0f0,0.086
5849e72d,0.086
afeb27ac,0.084
e30961ae,0.084
7a00fa63,0.084
37bc6408,0.084
787e40b1,0.084
e32655a1,0.084
457bb670,0.084
27661cfc,0.084
d8b05259,0.084
16b00348,0.084
8314e811,0.084
671fb543,0.084
c8e5edaa,0.084
27c2f414,0.084
be624280,0.084
1fa32a7a,0.084
a96178f4,0.084
1780a27a,0.084
a9bb4414,0.084
d103db2d,0.084
b63e17ce,0.084
165a874b,0.084
15d72eef,0.084
22689525,0.084
f3044dfb,0.084
e439d681,0.084
5d0da245,0.084
b6bb56d4,0.084
932d4f8f,0.084
8581b5dc,0.084
81c0b5d2,0.084
1b4da250,0.082
f5bd88fd,0.082
dbfb7ab7,0.082
43be5a94,0.082
0f312957,0.082
695f29ea,0.082
8922fc4f,0.082
d0cdeeef,0.082
200474f1,0.082
47f7cb1a,0.082
6fe48c8c,0.082
7a17e980,0.082
c07107b8,0.082
5147088e,0.082
1fefc015,0.082
6f5f9344,0.082
a8e36d7e,0.082
3cfb933b,0.082
ddcf8cd9,0.082
6ad60fbb,0.082
68d64d01,0.082
a9570075,0.082
bfea95fe,0.082
457587bc,0.082
fa091af7,0.082
d372fa90,0.082
b67b17e2,0.082
a5dc5f72,0.082
56e62b5b,0.082
7c4634dd,0.082
459074c1,0.082
70e4f053,0.082
ec2156e6,0.082
ef52ffff,0.082
84bf02a7,0.082
84433d4d,0.082
b9bbb53e,0.082
b28e49f7,0.082
0a4cb101,0.08
5996558d,0.08
7077e77f,0.08
88387b5d,0.08
fc0e0c21,0.08
2d149614,0.08
96cb5839,0.08
d6a4d89d,0.08
b68a123a,0.08
9c3c5f3f,0.08
20ffa587,0.08
b004a4be,0.08
743f4224,0.08
2ddbc441,0.08
49320aac,0.08
88a0893e,0.08
7e2e71e6,0.08
4699af78,0.08
e990919d,0.08
db48c853,0.08
44953ef7,0.08
973750c1,0.08
8901ff45,0.08
7b965946,0.08
99f1ddec,0.08
01070e7e,0.08
ef32a539,0.08
a0e7c4e5,0.08
d2eaa0a0,0.08
4fc7ebd7,0.08
1db05537,0.08
b54ddf82,0.08
c4f925d1,0.08
9932504e,0.078
cbe0af4c,0.078
4f131551,0.078
3edd916b,0.078
e229a299,0.078
ab863114,0.078
84f262d5,0.078
f00f2100,0.078
82e077df,0.078
199c58e4,0.078
99dc3ee2,0.078
21b42bcf,0.078
ec031bab,0.078
98145b5b,0.078
c8d6b58f,0.078
08377b76,0.078
b1e33646,0.078
33eee374,0.078
acdd7312,0.078
02c89d01,0.078
07552ad3,0.078
a253c59b,0.078
2217d487,0.078
fcdf9554,0.078
2bbf4955,0.078
2b7d36bb,0.078
d9d52085,0.078
a1bccb8d,0.078
fa903379,0.078
ebf1efca,0.078
eb45756b,0.078
f6e67450,0.078
4c56d11c,0.078
3dec4acf,0.078
18a76743,0.078
456b8c46,0.078
90c81fc6,0.078
7c86a2ee,0.078
d46edc7d,0.078
22ba6406,0.078
643e613e,0.076
ee211fea,0.076
6ff28ce9,0.076
3aa7baad,0.076
57cdd1e3,0.076
f8105eb0,0.076
3c62c03e,0.076
8d770350,0.076
2c59b03b,0.076
0dd96135,0.076
ed4445af,0.076
cbce031b,0.076
623ed59b,0.076
8810a006,0.076
562c51cb,0.076
2e00fa55,0.076
96205448,0.076
b648cbf7,0.076
0d9230ff,0.076
52680f0f,0.076
9a095b51,0.076
293b32c2,0.076
6a427826,0.076
ab0aa91d,0.076
e76f8ce1,0.076
a5bc8102,0.076
16529a8f,0.076
b04bae4c,0.076
a48fe183,0.076
32a408b7,0.076
2d1d32aa,0.076
a0ce2ef4,0.076
ff38f2a6,0.076
8868c4d4,0.076
0fac0084,0.076
dd3787c6,0.076
4b9ca668,0.074
eb97d5dc,0.074
b1954d60,0.074
d3d654cf,0.074
b9932399,0.074
3c120cdd,0.074
9b3fcd66,0.074
c08e6d6f,0.074
d2ef2019,0.074
161f09e7,0.074
8318fcde,0.074
76ffa95f,0.074
e0d6b14e,0.074
1187a52d,0.074
4675061b,0.074
515265e4,0.074
a9db5326,0.074
4940aa75,0.074
7704ee6a,0.074
56c0dd48,0.074
5902a42d,0.074
ca3b5ec3,0.074
2541e9b1,0.074
cd27dbfb,0.074
a91e8953,0.074
177af958,0.074
a79ad409,0.074
d2783da0,0.074
f9174b47,0.074
7e6a3420,0.074
8a62276a,0.074
4cbd95cd,0.074
2a177a4a,0.074
71f853a3,0.074
f730af9d,0.074
2b023bc1,0.074
c718f794,0.074
0fb8239d,0.074
22230e5e,0.072
6f485161,0.072
af6ab3bd,0.072
2e435fa8,0.072
a8747e41,0.072
74c81000,0.072
8b93a0f9,0.072
8a85c8e3,0.072
51ac8b3e,0.072
54fa7b3c,0.072
8e9d8410,0.072
59448190,0.072
b525f412,0.072
e5c31aed,0.072
938c94c1,0.072
21d7d23d,0.072
f12372e3,0.072
5d019dbc,0.072
95469cbf,0.072
18871393,0.072
e972b083,0.072
b19e1623,0.072
6d548c94,0.072
bd59c6be,0.072
cc1f4294,0.072
dcdc3fe3,0.072
fa60b687,0.072
de31edf8,0.072
c9186de2,0.072
c402fddc,0.072
0cbe051b,0.072
987a5420,0.07
b2b6cf1b,0.07
61c36ceb,0.07
101492d7,0.07
92920c82,0.07
6248653f,0.07
a074aa7e,0.07
14098f13,0.07
ad348612,0.07
3dddbb9b,0.07
a007994b,0.07
8f0d8153,0.07
b16f7da9,0.07
22d929eb,0.07
c88ccbc7,0.07
7038c024,0.07
972f7094,0.07
a0e504f6,0.07
f1a1d7f3,0.07
a1f01476,0.07
6aea31ec,0.07
bbb460f0,0.07
175984bf,0.07
821d37e7,0.07
20b6c436,0.07
7a8caca6,0.07
23965879,0.07
c0184f39,0.07
1a68cbfe,0.07
a8c45640,0.07
0fcda459,0.07
7e18ddc7,0.07
f103df11,0.07
8add7340,0.07
d5ab4634,0.07
8425bafb,0.07
58f8478a,0.07
a88ebb1f,0.07
5d4a970a,0.068
18d05414,0.068
05185521,0.068
3c7c38d6,0.068
61548702,0.068
0bac0cac,0.068
091148b5,0.068
439a00fa,0.068
83586c16,0.068
94f6f40f,0.068
75bb561e,0.068
f1969264,0.068
97b7012a,0.068
72ec62a2,0.068
4b27fa97,0.068
aac0e26d,0.068
8a9b20f4,0.068
ffcbbfe0,0.068
51b39f42,0.068
5080fb6f,0.068
ab4568e0,0.068
e3908386,0.068
4be804ac,0.068
1f72e638,0.068
71292489,0.068
0a58f5f8,0.068
f4cc04d1,0.068
ea32fee9,0.068
cac1110a,0.068
e5c0ec63,0.068
dd2e51e6,0.068
4d222d93,0.068
08c38259,0.066
92fdc090,0.066
e1d9e963,0.066
76c57254,0.066
b9f22868,0.066
9dc93c72,0.066
087bf673,0.066
2fb4fbde,0.066
6e811e9f,0.066
7be76b09,0.066
f756445e,0.066
6a493e51,0.066
df7ef4e8,0.066
dd249f1a,0.066
a232d32a,0.066
af47eda0,0.066
2dbaa462,0.066
4899abee,0.066
db36c1d4,0.066
b029a3ed,0.066
8cc69b11,0.066
66ff0713,0.066
bb79f234,0.066
ad66b8fa,0.066
eceb888c,0.066
a5a3b5d2,0.066
1aa11a40,0.066
7a53ef48,0.066
78bc15e0,0.066
d32819e2,0.066
316c01e1,0.066
b96aa7fb,0.064
43f1ddbf,0.064
265aa3b3,0.064
adcfd9b5,0.064
57b9e335,0.064
dd88ffdd,0.064
e5cf950f,0.064
4be7438d,0.064
ec3fd3a2,0.064
4c188a93,0.064
b6265f22,0.064
0bcb2a32,0.064
641c348a,0.064
2a877001,0.064
84a54208,0.064
60b5ec13,0.064
12ce11b0,0.064
cc649179,0.064
d1032fc3,0.064
f21140fc,0.064
38051659,0.064
ea51eb04,0.064
507610a0,0.064
772b20ae,0.064
ce2e1376,0.064
22ba5f79,0.064
2211ee6c,0.064
8b3ce432,0.064
8f68055a,0.064
539d1ef4,0.064
5c6b80ff,0.064
b2310e89,0.064
4a8fbdcc,0.064
cf7b73aa,0.064
ebfa64ec,0.064
86ece1a2,0.064
e66ce67f,0.064
00d22a44,0.064
b0f4260e,0.062
676d6a31,0.062
91a1cf37,0.062
ebfed762,0.062
bcad4242,0.062
2a5209b4,0.062
c6b2a621,0.062
ee02418a,0.062
baad21d7,0.062
5b326edd,0.062
568e6c3d,0.062
ae4d8c9c,0.062
86ee1fdf,0.062
3ae77187,0.062
ce6ac5d8,0.062
1047167a,0.062
2000b8ce,0.062
17fb4a71,0.062
df1cb0c4,0.062
52f8585d,0.062
b31de915,0.062
98940046,0.062
f9e474f4,0.062
60d75d8c,0.062
b1a38ea2,0.062
5f7baf99,0.062
d2ddd776,0.062
835d5fb6,0.062
f1528ba7,0.062
bebf6a59,0.062
7463a80d,0.062
e9cdbf9d,0.06
4ceed270,0.06
3579d05c,0.06
7d21bc2c,0.06
0a326f5a,0.06
490b92c7,0.06
b4a4e78e,0.06
83e541b6,0.06
feb31b3c,0.06
4e2a2552,0.06
2b3ccb44,0.06
34ceda00,0.06
60ce30a6,0.06
032b699a,0.06
70f05a05,0.06
6bcc0b87,0.06
200a6bcf,0.06
1346735f,0.06
5c98aced,0.06
506a92e8,0.06
469e4b3e,0.06
754b0ee1,0.06
6b5691c1,0.06
b8785588,0.06
c9182fb4,0.06
4030fd2c,0.06
861efb51,0.06
57b86510,0.06
068272e4,0.06
13d155fb,0.06
c5a5a28c,0.06
96f568ba,0.06
4522f1a7,0.06
13f0fb2e,0.06
83ede531,0.058
21f6b63f,0.058
117c2d63,0.058
ea2ea0cb,0.058
0ea6b8e5,0.058
76661cbd,0.058
29cdb447,0.058
3bd1450c,0.058
ea699f5b,0.058
9b290997,0.058
4211091c,0.058
c3c33a75,0.058
03e3fe16,0.058
7034e127,0.058
6383e805,0.058
8dc5cdc1,0.058
a339e24a,0.058
b705dcf7,0.058
3ce8283e,0.058
1732bd00,0.058
5138f2d1,0.058
11715879,0.058
2ad92e60,0.058
f115b082,0.058
d072ab91,0.058
868f31e1,0.058
6bc5680c,0.058
c0a3e7ee,0.058
ba33a162,0.058
653d2180,0.056
abe75be7,0.056
c4b18699,0.056
ab736090,0.056
b7789bb6,0.056
7315a91b,0.056
30eacda8,0.056
82d4fee5,0.056
dbd9ea7c,0.056
e5641a1c,0.056
8a41a83c,0.056
ea4090a3,0.056
914eb2cf,0.056
8d2dece6,0.056
09ab2936,0.056
5b840472,0.056
af6693e3,0.056
845ed4cb,0.056
50259ffb,0.056
b887265a,0.056
9de07a7b,0.056
9028a505,0.056
b34e1b80,0.056
57ceedb5,0.056
d4cbee8b,0.056
9915eb74,0.056
fdcd84cc,0.056
c3926d02,0.056
052a0555,0.056
394e7021,0.056
fe5ab671,0.056
cefd93f1,0.056
b9e42b1d,0.056
cde83b21,0.056
05ebbb7c,0.056
50e3e86d,0.054
3d1fed4d,0.054
60469d78,0.054
1eb48437,0.054
2effd277,0.054
0c0c05b4,0.054
380cf7b7,0.054
f6998b20,0.054
bbba2301,0.054
d0aa038e,0.054
f3c2e229,0.054
96449f86,0.054
ded1fb98,0.054
307b3249,0.054
cebf2834,0.054
85aac01b,0.054
cc257990,0.054
5aea948b,0.054
86667e14,0.054
dbace13e,0.054
accfb7fa,0.054
c341a670,0.054
b403b75f,0.054
e5538c1a,0.054
d19d63c3,0.054
1d277f77,0.054
d1d2b783,0.054
93be1652,0.054
17f1237d,0.054
3a5529ab,0.054
02894fb0,0.054
c2f7a83c,0.054
0950f950,0.052
675c4422,0.052
7d82ac35,0.052
b6366646,0.052
6a67a820,0.052
5d93345d,0.052
4ab8d89e,0.052
cf0ab5a5,0.052
12fcd9b4,0.052
7cff9755,0.052
2ba87f1d,0.052
435cb4f6,0.052
e1f2c144,0.052
6d70ad46,0.052
f6097082,0.052
01d7c9df,0.052
d1dcd0c0,0.052
fc25e606,0.052
4dde9535,0.052
b6bf93ca,0.052
5e63075d,0.052
c099b857,0.052
9b986b8b,0.052
ba4e5567,0.052
85bd5187,0.052
fad26572,0.052
2d2b0039,0.052
68e91ae8,0.052
db1cd978,0.052
3387f821,0.052
220bda60,0.052
48074c1d,0.052
f7bdf22d,0.052
548e2cf2,0.05
03b80025,0.05
743352a8,0.05
6f84d852,0.05
8e8492ef,0.05
7c056b1e,0.05
45997e09,0.05
a11f5ecb,0.05
fb879686,0.05
0fd36a5c,0.05
e69bc04e,0.05
9df437b1,0.05
f28afb0f,0.05
f5fcf733,0.05
be91d9ac,0.05
f64cde93,0.05
99e41544,0.05
1974bf30,0.05
6650f868,0.05
0aeaf1b5,0.05
d635d0bd,0.05
8df73c91,0.05
6026ad39,0.05
104fc15b,0.05
55d7a00c,0.05
448e54b2,0.05
e69f0847,0.05
ed27a96e,0.05
88219fe0,0.05
34a9c9b2,0.05
0bfbd4fb,0.05
e830b20a,0.05
93029ad5,0.05
ef0d6ac5,0.048
48334f67,0.048
5125d9f4,0.048
8c1ae4ba,0.048
875c76d8,0.048
c7125e93,0.048
4cbdb51a,0.048
ea912c49,0.048
43f52b98,0.048
caba4fb7,0.048
1d96534a,0.048
669bdceb,0.048
96348e8d,0.048
6309bb12,0.048
ec8ea3af,0.048
9ad8b92c,0.048
32aa127c,0.048
f4911101,0.048
a0309826,0.048
317cf8f8,0.048
7c502b45,0.048
2c203a0e,0.048
e22d8bcb,0.048
9a37d3d2,0.048
4132edb7,0.048
4e684c74,0.048
dcaaa74b,0.048
f30f08ea,0.048
91f9e554,0.048
d0dacbed,0.048
bdb0a79e,0.048
bfec345b,0.048
1a148bde,0.048
7cabb85d,0.046
66324220,0.046
cc7ffe4f,0.046
8e914008,0.046
e585e766,0.046
e61abb6b,0.046
d3eda95a,0.046
4f91f541,0.046
a7829689,0.046
9fc5abdb,0.046
7beaacd7,0.046
10b6a2af,0.046
235bdddb,0.046
e1d8eef4,0.046
a1935152,0.046
4f1e1838,0.046
dd5292e8,0.046
7c30bd61,0.046
9aa278b4,0.046
6de3d22f,0.046
fa0f4871,0.046
a71af1e5,0.046
c2b46702,0.046
9ae2a8cf,0.044
d7c0756c,0.044
f6c91f1e,0.044
51f5f7ad,0.044
4a9101aa,0.044
d67c2f1b,0.044
bfa918c0,0.044
8af480f6,0.044
6093f8dd,0.044
44e17852,0.044
d569c53d,0.044
e3396e49,0.044
416d2133,0.044
652b83c6,0.044
b6c5f2f2,0.044
6d13e2a9,0.044
fc4c2152,0.044
26a4e78f,0.044
2d5816c0,0.044
9024ef45,0.044
d5fbf1eb,0.044
9f5c1dc1,0.044
03794b15,0.044
c93cee70,0.044
8fe08863,0.044
de31f0b5,0.044
bc6d2b04,0.042
bfffeb8f,0.042
38862a19,0.042
99f0a962,0.042
316173bc,0.042
79c811f9,0.042
226b1263,0.042
a379d764,0.042
94f5856b,0.042
129c9c18,0.042
a329ca1d,0.042
51dd5abe,0.042
27739fb8,0.042
37e9c795,0.042
cc8d6acd,0.042
a8a95d63,0.042
0d3e9f43,0.042
4e7510ed,0.042
79a44a93,0.042
a2b3b652,0.042
1ea8b107,0.042
6a319dac,0.042
5490cde9,0.042
4becb007,0.042
8d4a7b30,0.042
8e07431d,0.042
754f7bed,0.042
3910d0d3,0.042
e25dae4a,0.042
f82515f9,0.04
b5c0d0ef,0.04
fe3a019c,0.04
5340b574,0.04
33c2df82,0.04
7958374c,0.04
885e065a,0.04
3fc5260a,0.04
452e1140,0.04
79b4467d,0.04
dd7d6c2a,0.04
2b22e258,0.04
03728920,0.04
c93b3f8c,0.04
e00d20e6,0.04
019411f6,0.04
21688eb7,0.04
1033bc45,0.04
20655053,0.04
156de074,0.04
a11711d7,0.04
7798eb75,0.04
04145d1c,0.04
6b22edff,0.04
4546e274,0.04
1f316884,0.04
524bef75,0.038
4366b2ae,0.038
dcebbd9e,0.038
33503439,0.038
6f659873,0.038
0825f1fe,0.038
7fe58111,0.038
f1b67856,0.038
1a2d299f,0.038
fba76d3e,0.038
7e140bd0,0.038
8fad7ab3,0.038
d14917a9,0.038
f6c58f31,0.038
c9277981,0.038
dc27937e,0.038
c3149665,0.038
e0579456,0.038
b9dddc9a,0.038
47517fb7,0.038
4b0b1c6a,0.038
db61a492,0.038
05c2f179,0.038
b1dd9673,0.038
ca5daca6,0.038
0c65a755,0.038
b1b634f2,0.038
fbbb2942,0.038
e867e3f9,0.038
c0155751,0.038
0d389f47,0.038
988e977b,0.038
237d26e1,0.038
1ea91f45,0.036
22b72223,0.036
b86f0744,0.036
53dc3ef2,0.036
1a2f1da8,0.036
b464df1e,0.036
c62e3e88,0.036
144f6996,0.036
f1d0dad4,0.036
92df8967,0.036
59f3ad4c,0.036
6ed11a44,0.036
210253a8,0.036
2fe44efc,0.036
394843f9,0.036
f203bab1,0.036
2801d34c,0.036
e0d9549e,0.036
d166fc69,0.036
7498b3d8,0.036
8b8e6063,0.036
152b17ce,0.036
eeee63b3,0.036
d0c99094,0.036
a90eda03,0.036
58926ac5,0.036
16195867,0.036
c00ddd0c,0.034
843c819b,0.034
297084f5,0.034
7a7815b5,0.034
0700f467,0.034
80411df3,0.034
58c00747,0.034
9ade5858,0.034
e7243f4d,0.034
6330a294,0.034
5addb657,0.034
24066092,0.034
c028e514,0.034
afd4f5cf,0.034
b43c3cd5,0.034
e3279743,0.034
9c8f4bee,0.034
d068e800,0.034
0a004236,0.034
d6558d68,0.034
0e6582d3,0.034
ed0f88ac,0.034
48d783c9,0.032
8d91f037,0.032
563c7779,0.032
5a342cd6,0.032
24844a1c,0.032
2319dc2c,0.032
da82823c,0.032
22c5d59a,0.032
cd4dc75b,0.032
2cd2ea0d,0.032
c40bf46c,0.032
f57b168e,0.032
17e0015c,0.032
cf6e2dba,0.032
2ce321ef,0.032
b36b0096,0.032
d3b2715b,0.032
d1cb8995,0.032
cbbcdc4c,0.032
580f92e3,0.032
403667dd,0.032
6ce15d2f,0.032
9ef71138,0.032
5fbc948d,0.032
047a51b9,0.032
915efad6,0.03
4a21105c,0.03
d47d7f2d,0.03
3402c33b,0.03
704bd287,0.03
50e819f4,0.03
2da4a14a,0.03
49aa0b16,0.03
fdbc7720,0.03
704a10be,0.03
173afaf2,0.03
edd77684,0.03
fecccc78,0.03
e33d7a86,0.03
e106a6c1,0.03
83324e5b,0.03
6c228335,0.03
e3b30df9,0.03
55586997,0.03
2c86dc27,0.03
2659b67c,0.03
74ab431e,0.03
ef6cff40,0.03
6af4e517,0.03
a28fda00,0.03
ad05cdcf,0.03
611f2293,0.03
4b9e0c79,0.03
7362c454,0.03
3943853b,0.03
dac0f6b3,0.03
0a02264c,0.03
db12edb2,0.03
e5a27018,0.03
fe0a7efe,0.03
da767444,0.03
13741f54,0.028
a3c68e80,0.028
d32460d6,0.028
0d50140f,0.028
9a71b5ef,0.028
6222ce8e,0.028
f688bb0b,0.028
968ad5b6,0.028
3295e145,0.028
49a23774,0.028
90f889f2,0.028
6aa4316c,0.028
80eb5178,0.028
d6bf28e9,0.028
06bd068a,0.028
de7b1bf5,0.028
9855cd9e,0.028
71168743,0.028
e6683ce2,0.028
5815e950,0.028
5558f591,0.028
63519bb5,0.028
044182f4,0.028
3fcfbc89,0.028
e10ea972,0.028
c4902698,0.028
da70f41a,0.028
9cfe24a5,0.028
25b086f9,0.028
32ad4d4c,0.028
f97a64a3,0.028
c75127ce,0.028
94cf1495,0.028
d0b5f58f,0.028
61322beb,0.028
92e47515,0.028
fb5df673,0.028
1fb31872,0.028
905cfb89,0.028
841bd9ad,0.028
e9758d00,0.028
5cb7beaf,0.028
2aec155b,0.028
9f20f0ef,0.026
c058af38,0.026
886d9003,0.026
e658955d,0.026
d35b1e97,0.026
3723e9f6,0.026
d5788cb9,0.026
f31e20e8,0.026
19dffca9,0.026
d2eecf4a,0.026
9f6a8041,0.026
908560c4,0.026
d6edaf24,0.026
caa8169d,0.026
21491169,0.026
cb20b6c1,0.026
75dfe623,0.024
302bd3bf,0.024
80063617,0.024
6e4e458f,0.024
468a76e6,0.024
976fb697,0.024
dbe78109,0.024
c9226679,0.024
944d315a,0.024
2c4428f1,0.024
029ee42e,0.024
8b627d3f,0.024
1990851d,0.024
f699eb62,0.024
55451adf,0.024
b7822b3a,0.024
687c5b2d,0.024
2aeacd64,0.022
5737c873,0.022
f1f73488,0.022
199173d9,0.022
46cbb5eb,0.022
961bad68,0.022
1fb82069,0.022
ca77f92e,0.022
e2cb5c82,0.022
b0bbb8de,0.022
d299325b,0.022
8505beeb,0.022
a4543b49,0.022
180315e8,0.022
8b2cdd0c,0.022
5f3543a2,0.022
2489b826,0.022
c05aee04,0.022
e4f242ca,0.022
aa3d069c,0.022
2bf3badd,0.02
6037886d,0.02
63ad57e4,0.02
30d115a8,0.02
3a9cede1,0.02
a073f116,0.02
8e86c156,0.02
13602f38,0.02
3d90bfda,0.02
5a3736b2,0.02
b449a21c,0.02
7565362e,0.02
1de24e9d,0.02
27a8a576,0.02
4c480db4,0.02
11f4f8b8,0.02
b61cce6a,0.02
d20796fe,0.02
dfb1c079,0.02
f1fb8265,0.02
70442c18,0.018
68ad1d21,0.018
d28ec065,0.018
8166096e,0.018
cd9931db,0.018
8e79eede,0.018
84a8c0e9,0.018
cad4e012,0.018
7970da7f,0.018
d0f70a08,0.018
48e9147c,0.018
891c5708,0.018
5c825059,0.018
35a9ebf8,0.018
9e3e4cbc,0.018
05f77a2a,0.018
39504bfd,0.018
2b640603,0.018
886208f3,0.018
0964045e,0.018
53dd7234,0.018
777ecb57,0.018
abb46182,0.018
635e85f5,0.018
3d06d352,0.018
ebb7925a,0.018
c6d14ffd,0.016
dc487a1e,0.016
2e866b44,0.016
e7ddd899,0.016
a53b661d,0.016
ed9b8412,0.016
a44b53d4,0.016
b1025e31,0.016
155c851d,0.016
37dce95b,0.016
fb6cdb05,0.016
06dcd71f,0.016
3f5d7f5b,0.016
ca1aa020,0.016
841a191d,0.016
1babe691,0.016
e099738b,0.016
83ec25d0,0.016
c7276a52,0.016
5a8478c3,0.016
b8845705,0.014
6f9a3279,0.014
2bd96edc,0.014
00df84f2,0.014
12b92490,0.014
bcc3cc39,0.014
cbf37e43,0.014
21aa2e16,0.014
d0161f27,0.014
5f56b97c,0.014
55f16188,0.014
30d3e4ff,0.014
00954ea7,0.012
e3d73e6f,0.012
00f6aea5,0.012
a4e74e4c,0.012
e69cab5d,0.012
4b974513,0.012
293735e2,0.012
29eb761b,0.012
fe8b35e0,0.012
ec764a6e,0.012
8fc7d865,0.012
76a5a4cb,0.012
ff6e2f67,0.012
6d2487b6,0.012
fe3c5d00,0.012
05621e34,0.01
127ee1d6,0.01
014e0560,0.01
3ec362c8,0.01
07b15f20,0.01
caec92f4,0.01
0daeb2d2,0.01
aeefab00,0.01
75ce4c2c,0.01
a03c3297,0.01
c596a1c4,0.01
bd16596c,0.01
db6feec2,0.01
acd00ecb,0.01
5641a716,0.008
f8977e8f,0.008
550f0d6a,0.008
82774f2c,0.008
c1649ee2,0.008
4becb749,0.008
092ae813,0.008
38241976,0.008
448f7761,0.008
9fa539b7,0.008
fae945ba,0.008
68a70846,0.008
e522a678,0.008
3c1adc01,0.006
89761d4a,0.006
b92a37a3,0.006
178c4298,0.006
10b44295,0.004
3ab7fb69,0.004
1332776d,0.004
5d8c40b9,0.002
dab2ed60,0.002
5fc41bb2,0.0
