customer_id,churn_30d
f1551af3,0
a7e4ebc8,1
01aa4def,0
bfea95fe,0
b449a21c,0
20646c1e,1
34787c74,0
2c4428f1,0
d1167b4b,0
e6179507,1
4597e707,1
df830d14,0
cdc4b577,1
4197d03e,0
558f6cd3,0
7798eb75,0
9c0ff8e6,1
79d44787,1
fc0bb4b2,0
f3aa4a72,0
1d7038f0,0
45263f10,0
f5df6de4,1
05d094e3,0
4f452839,0
c2bf4d98,1
38fc9272,1
74e4733e,0
87427d51,1
9fd84730,1
b696d650,1
96f76e87,1
b04b301a,1
6e324878,1
327fedf4,1
874a580b,0
1efb46eb,0
85aac01b,0
0bc63cf5,0
a5989ef0,0
a522309d,1
17f1237d,0
e6b315b2,0
8a3ce391,0
ea5923b8,1
039ffdb1,0
dcb7260e,1
53bdda77,0
8ff3d710,0
f00f2100,0
98cb4556,1
25a08a5d,0
af47eda0,0
3c3bdd04,0
764b16d0,0
0cea0042,0
a18ab319,1
402a0bdf,0
863d27ed,0
b6bb56d4,0
640f54cf,0
499f3bcb,1
46b880ab,1
1d471822,0
600d6d33,0
fa87c49a,1
d0ea8486,0
779305a0,1
35c1ecfa,1
71b35acb,1
c05aee04,0
6650f868,0
43ebb31e,0
72ee33c1,0
e784a2f2,0
1c88f411,0
d01df841,0
50955d80,1
5c234e4e,0
3cf99e23,1
17607611,0
20b6c436,0
f7a0a1be,1
abab76f2,0
5c3c218b,0
7034e127,0
0fd9c772,1
8e9d8410,0
e0f9da1f,1
c60d59d4,0
9a0d3bcc,0
ee4b353e,1
3132e691,1
2727ab94,1
f3ec1689,0
2d1d32aa,0
ec031bab,0
c3c6c4b5,1
79cf565d,0
db1cd978,0
57bbdea1,0
b13601cb,0
9645a2d6,0
57b9e335,0
3943853b,0
1f026fcc,0
5125d9f4,0
ea912c49,0
6f471136,1
1c621350,0
e5496b04,0
2d7639a8,1
f344ad98,0
1780a27a,0
495cce86,0
7e2e71e6,0
0dde2f40,1
9df437b1,0
be0cd513,0
0b388ebd,1
cc649179,0
403b3bf9,1
a03659fb,1
04145d1c,0
6889f304,1
eb45756b,0
8871dd7d,1
db61a492,0
c5aa74f8,0
65cbe72a,0
ac9b7a03,0
e3d73e6f,0
210253a8,0
cf83c3ca,0
91aff1c8,1
57ca817e,0
86554af2,0
8c6c8cf6,0
d19ca383,0
e4ae0748,0
e9cdbf9d,0
eefef879,0
b0f4260e,0
580f92e3,0
387c17d7,0
b9f22868,0
05be9872,0
e69e7b77,1
fd9d049a,0
06dcd71f,0
ee8e8470,0
45214f60,1
b36b0096,0
01d8096d,0
26997313,0
2b5d9b25,1
a7eeb053,0
d89c09ed,0
7c3a7a15,1
06a967c6,0
f0422828,1
f8e3df3f,0
2adc15a2,1
bf6a65ec,0
d839ddf2,1
de2fe353,0
ea4090a3,0
e99116e8,0
9ec69520,0
2d845f0a,0
bad3389e,0
d4cbee8b,0
c4d3f240,0
a0e504f6,0
bb69b341,0
ea2ea0cb,0
cd3498d1,1
803b7464,1
e2e742c6,0
a7caf053,1
876a68f4,1
218f392e,1
f72821d1,0
17e0015c,0
e18c2545,1
1fa32a7a,0
6715494e,1
03fd2b69,0
43d80549,0
d4b0665e,0
cfe658c5,0
bb152ea4,1
5594163d,1
31f2d3b9,1
b8a80b93,1
d4f26718,0
351ba610,0
a9d9c60b,0
05ab4f2b,1
6f485161,0
5d18a860,0
e1d8eef4,0
1ef83f54,1
66324220,0
e66ce67f,0
54e1b707,0
fcebc57a,0
59f3ad4c,0
3bf60f3b,1
2fb4fbde,0
36d380d1,0
fba7bd41,0
15c893f4,0
3f85430e,0
c01e3775,0
bf3bd1b6,0
80eb5178,0
edadb25c,1
d9d52085,0
d3d654cf,0
8ed7ff84,0
ab94efe1,0
9947a540,0
fa25c42c,1
704a10be,0
b9e42b1d,0
70fd2781,1
5b0242f8,0
914eb2cf,0
aebd42ce,1
63519bb5,0
adebc02a,0
9b321851,0
63260eac,0
47be08f1,0
03b80025,0
7b58079d,1
b1a16482,0
22c55625,0
95a4ad04,0
c3152a60,1
2bf62641,0
2ce80def,0
61322beb,0
53faebd4,1
d963f99c,0
6f0ac4a9,0
ab13e21a,0
b9ad5aab,1
304b4a33,1
c296637f,1
f21140fc,0
16b87623,1
83332e97,1
2a7dd23d,1
d41b8475,0
cf130fd0,0
e30cf5da,1
dbf062b9,0
b6fdaccb,0
cbe0af4c,0
df83cf42,0
336dfcd1,0
3020f594,1
a2bb74c1,1
cac1110a,0
6ef31aac,0
506a92e8,0
2c59b03b,0
c521e443,0
89566fa6,0
82c26fd2,0
17d532ed,0
2da18ecb,0
c099b857,0
f9402d3a,0
829fdbdf,0
035b6f10,1
2cfe2ac4,1
e69cab5d,0
df4d905c,0
30ac251c,1
5cced877,0
1e694891,1
f17d328b,0
da6d6298,0
61403b01,1
0e6e0b7b,0
a2156c25,0
bb27b1fb,0
1187a52d,0
46cbb5eb,0
5e82e488,0
ae056219,0
3beaede3,0
fa491787,1
3c3b461c,1
17d7c4cb,0
c71a1a8a,0
6bd5612e,1
b59a9a24,0
53dd7234,0
54209a18,1
061e96ac,0
09e1c5ab,1
7d43311c,0
084634bb,0
aad9067b,1
cdd3e52e,0
12f35e9d,0
58a2c98c,1
e1ee8ff4,0
9a5c1bb9,0
2c53d467,0
cd1a06e1,0
7da8859f,1
bb2dbe2f,1
5557f8a6,0
cfa58fd9,0
2026621d,1
993ed649,1
a76fcf7c,1
f1a19c92,0
39ff495d,1
6e36d872,0
8883b794,0
5c513fcf,0
0b28aabb,1
641628a1,1
a8a95d63,0
d139694f,0
f6c58f31,0
775d87eb,0
af03c264,1
b20c2f20,1
36cec633,1
cb4ffac6,1
1aa11a40,0
fb8877c1,0
02481f99,0
0ac78f39,0
2d8948f9,0
3878f59a,0
c7095132,1
b5c0d0ef,0
2790c63b,1
12fcd9b4,0
bc530cbc,0
9365f703,1
2fe44efc,0
f18de557,0
572bb488,1
001d7f91,0
6004f658,1
bfd1081d,0
8a9fc808,1
18c02675,0
9de07a7b,0
6d79bcbe,0
4f91f541,0
813563e8,0
6e4bb4f3,1
8b8cfbae,0
ddcf8cd9,0
1b12ecb6,1
ffed9272,1
2a8e5861,0
590b5a1d,1
fed9897f,1
8944763e,0
deba0a0a,1
9dcac3e2,0
874f3e3e,0
54dea07e,0
f12372e3,0
e2786463,0
e658955d,0
c6d14ffd,0
5addb657,0
475ebb6f,1
71f8a98c,0
8a6fcd72,1
c11bc1a0,1
1c8d0bdb,0
0071569a,0
99f0a962,0
f56cbd2e,0
64deb5c7,1
42b7301d,1
b9f188f8,0
8314e811,0
9d964f1d,0
84ded41c,1
fa03c9e3,0
dcf82fa4,1
d068e800,0
02ec745c,1
9e07a180,0
f6e67450,0
5b95918d,1
5deb382f,0
c75127ce,0
fcf6dd76,1
f76ce577,1
7315a91b,0
0b27b7b2,1
33c2df82,0
178c4298,0
5f3543a2,0
acd31abf,1
0626fbea,0
df17cb52,0
052a0555,0
f103df11,0
918e3f73,1
7ebf75e6,0
db12edb2,0
3538d94f,0
d593ed11,0
f104d0f4,1
1990851d,0
237bed6b,1
3ec362c8,0
58926ac5,0
5f7d9bf5,1
24844a1c,0
5f377da1,1
d6edaf24,0
78c6fdb5,0
c38a3e3a,0
5edba500,1
0a0f0d00,1
7122e7c8,0
503b35ab,0
a0333642,0
5e4a5f4e,1
9560d333,0
2e66d0f1,1
7e135589,0
fde7740b,0
1033bc45,0
ba79b895,0
2e84cc7c,1
b469c032,1
8f4dff55,0
28387a82,0
b42ab0b5,1
1b76f451,1
361b472c,1
9f3800e4,1
704bd287,0
673a427d,0
4aaac1ba,0
02d2dac7,1
c503b433,1
6c14e8e0,0
1fd3bd5d,1
7f39a993,1
51f5f7ad,0
38862a19,0
1eb48437,0
bc6d2b04,0
85250840,0
60ce30a6,0
94033483,1
2bc41cb7,0
8505beeb,0
6a0d88b8,0
1adab266,1
21d7cf75,1
eb917365,0
83032d1c,1
d20aea43,0
94aae817,0
293735e2,0
1ea8b107,0
75bb561e,0
81d7e188,1
0600f2cb,1
217f5329,1
51c8f5c1,1
3e80e22b,1
f337d7f4,0
fd46b914,0
b25bac7a,1
a4ed7bd7,0
3dc16493,1
bde57f2f,0
c37169b2,0
886d9003,0
dc73d975,1
dfebec67,1
e591d055,1
3dec4acf,0
16b0e823,1
a9570075,0
898f5c3d,0
9dc93c72,0
b83592b2,0
092c1a21,1
65d7fcaa,0
afa1a065,0
b2ae3b13,0
0950f950,0
9529f318,0
34ceda00,0
2659b67c,0
16529a8f,0
155c851d,0
7ce586f8,0
32447efe,0
56e62b5b,0
b1b634f2,0
5d4a970a,0
33eee374,0
03d473f2,0
21d7d23d,0
e7243f4d,0
ab736090,0
0b69bfc9,1
fad26572,0
2082de64,1
9b290997,0
7456a699,0
9522b007,1
f11e2366,1
0c77def5,0
5a0e92c3,0
2919d579,0
b0ee2a65,0
914f53f5,1
eb4fdcc0,1
60e16920,0
59340946,0
f280a672,1
7c8e7257,1
1033664a,1
c387cc61,0
bd7f222a,0
7cff76c1,1
d71c44a5,0
3e808b0e,0
5f1df2c3,0
d203a20e,0
3bfd0e37,1
f4f8887b,1
cae36257,0
32dfd00b,1
3b879d49,0
d5e5b322,0
195d7300,0
9b6e63c7,0
8605a322,0
5a6a9b42,0
468963c0,0
bcc3cc39,0
a060e029,0
3947de3a,0
10ecb35b,1
cf3ef4c6,0
20655053,0
2533d25a,1
801867fd,0
ca1aa020,0
92e47515,0
49a9b8a2,1
b32dab1c,0
eeee63b3,0
270bd8a0,1
6a319dac,0
696056ac,1
987a5420,0
32472c3f,1
92133269,0
25e468ad,0
83636b97,1
cce5bdf7,1
aef53179,1
91a1cf37,0
2e00fa55,0
7cd68a05,0
17ce15fb,1
0282ada3,0
aeffa852,1
27c2f414,0
6e22ce06,1
4a849c24,0
27ee4589,1
c73abe0c,1
26dc29d9,0
f667ee38,1
31e5fa18,0
a23f7f09,0
2fb18977,1
dbad52c3,0
3294962e,0
4deeb5d8,1
7a58dc81,0
eba4f6b6,1
d2ddd776,0
13926d50,0
2ce8b07f,0
ecb7d391,0
3e9de4b7,0
574e0570,1
9cdb7f17,1
6d0e0bd8,1
c3eba111,0
0c65a755,0
e33d7a86,0
81698a4f,1
6a11dabd,0
f3c29284,0
dbbf9bec,0
2c4dfd03,0
b9b8cee7,0
4d1a15ff,0
77fc0fb7,0
dbfb7ab7,0
4e9bfdb6,0
3f72044b,1
2957519b,1
fb9bed8c,1
0452b838,1
5d424c17,0
351fce15,0
90ec62b1,0
8e79eede,0
33503439,0
a19ca986,1
980aed4d,1
843ae383,1
7d488fc1,0
13602f38,0
d641e43d,1
8f0d8153,0
fe429c58,1
fc6e7412,0
476eb1e5,1
f0ac8a58,0
b0532def,1
330b1c38,1
486084b3,0
b447dd70,1
b7471ba2,1
2c86dc27,0
d748b033,1
dc66e278,1
580b6a9c,0
04290c1f,1
d3eda95a,0
6f5c5996,0
e972b083,0
9e469b50,0
7a7b85af,0
81edc25d,0
cbfd95d1,0
a5dc5f72,0
15853979,1
212dd7ce,1
72843a65,1
ef995013,1
4caa530d,1
4f28b1d3,1
fa209e07,1
2592c689,1
a44b53d4,0
d47d7f2d,0
8a89988e,1
d02cd17e,1
175e76db,0
ba4e5567,0
53952980,0
8cc69b11,0
0576c02f,1
e3279743,0
9915eb74,0
36d48fcb,1
b5a8998c,0
50d8c866,0
020d6731,0
9ad8b92c,0
1f72e638,0
6af62df7,1
6de73dc3,1
5db968e3,0
b11c544d,0
ca4de204,1
e4e836cc,0
bb49b98f,0
5ea7e07c,0
accfb7fa,0
93de7e53,1
bed5bd78,0
8edfa3a0,0
db3b7be2,1
9e0787d5,0
d1657949,0
80d36a2d,0
6e81abac,0
63de5af4,0
f30f08ea,0
3bf5ce79,0
42027024,1
bab2f425,0
7cabb85d,0
30e693ae,0
06410cf4,0
9ef71138,0
ca131aa9,1
5d0da245,0
bf8d14fb,1
e17f46dc,0
d166fc69,0
a545df59,0
048ffb85,0
1d0bb7ea,1
7970da7f,0
1ed28a60,0
5e63075d,0
a8619edd,0
717bca31,1
576b5e01,0
e32655a1,0
dcfd51fc,0
cad4c420,0
8d4a7b30,0
3010f560,0
e94e89e3,1
26260f95,1
3273affd,0
471744fd,0
18d05414,0
d077f576,1
7dd8deb8,0
32e65403,0
c5a5a28c,0
ca7d089b,0
83ec25d0,0
bf2d9a38,1
0a050e9b,0
585c3a32,0
28abcaef,1
b3c547db,0
de463ea0,1
3277cf15,1
0d8aae3a,1
fc442698,0
329d794d,0
293b32c2,0
396bc822,0
483b2555,1
8ac24385,1
c194df2e,0
a28fda00,0
7547a8a7,0
a814c4ad,0
d53e4170,1
75380145,1
2a697547,0
4779041e,0
dae4e0a6,1
90f889f2,0
daa9de8d,0
730d532a,0
d2d59ba0,1
dfb1c079,0
14101518,0
a0b37e94,0
68559d70,1
51ac8b3e,0
553d94e6,0
c9fcf1cb,0
976ace66,1
7a8caca6,0
76661cbd,0
59c03528,0
b087dfe9,0
84702981,0
6b22edff,0
d3149a0e,1
204e3b2e,1
bcfb7352,0
ff9f0064,0
845ed4cb,0
b8c293d3,1
5e5602f2,1
a0ce2ef4,0
d92558b6,0
2353caa5,1
46364a68,1
d8b05259,0
9ade5858,0
e4ca2e8a,0
34575d3a,0
32c5fee0,1
26a4e78f,0
5851575c,0
29b5ff2f,0
03fd26fa,1
eceb888c,0
fe3a019c,0
b7b2b101,0
7a53ef48,0
6ab306b1,1
0253ac53,1
30d3e4ff,0
7171d591,1
af5875dc,0
ad66b8fa,0
f1c4e8fa,0
ef1608de,1
974746ae,1
29c25757,0
5f7baf99,0
8e07431d,0
9bf604dd,0
e2e7c97e,1
8630a432,1
b38cbb50,1
b1f6d8c8,1
da767444,0
7038c024,0
e34ef4b0,0
9fa256dc,1
47a2f1ab,0
6af4e517,0
21eb4b97,1
a1935152,0
d67c2f1b,0
50d23d77,0
fbf591fd,0
ff2605a4,0
2cd2ea0d,0
2619de50,0
e2cb5c82,0
4ac32a84,1
98fdae97,1
316173bc,0
c9629666,1
8ee40070,0
fd9587f5,1
c9c36d1e,1
502771da,1
4500b67f,0
42511480,0
caeb9083,0
30eacda8,0
d0d072cd,1
a661cd65,1
5eec14d5,0
6791548e,0
f5ad359e,1
2e866b44,0
221ebde1,0
70775751,1
a71af1e5,0
3eafd7eb,1
765c7970,0
7a074d55,0
a11e61b2,1
a5640b8e,0
7da52cae,0
4ad4b344,1
72bf1529,0
57a4da9d,0
56b0a294,1
6b380cd2,0
f1e56ebb,1
623ed59b,0
22230e5e,0
cb8c64a4,1
556c2082,0
b1f3af13,0
4e9f0436,0
dcae7756,1
c058af38,0
27661cfc,0
cd4dc75b,0
c33750bf,1
166ec0b4,0
4cbdb51a,0
7958374c,0
dab92ac5,1
c88ccbc7,0
1a48b4d7,1
f5c8cc7e,1
2b7d36bb,0
d45f0732,0
d1089d6a,1
3402c33b,0
112a61e9,1
fbfd52f3,0
c08e6d6f,0
a7096f47,0
671fb543,0
6aa4316c,0
adcfd9b5,0
6fa128e6,0
87500d59,0
8b31be43,1
d4fbd6f3,0
b3313204,1
8d770350,0
a411dc79,1
43f52b98,0
02d096c3,0
73304a99,1
276e26e1,0
d19d63c3,0
0ef366ac,0
2f107a67,1
298bfbff,1
7c5e3a64,0
51b39f42,0
c31d7e98,1
ca77f92e,0
9298cd30,0
6c27efae,0
c64373b5,0
6383e805,0
653d2180,0
b1a2fc19,1
207c1851,0
7713fe26,1
35db2c3e,1
d2b81467,0
c09249f1,1
c52bc3c5,0
bdb0a79e,0
723b0261,0
416d2133,0
51dd5abe,0
843c819b,0
bd59c6be,0
72210497,1
c146e73d,0
5dd19b1a,0
afdff355,0
921a94f2,0
05621e34,0
99f1ddec,0
dca20edd,0
0bcb2a32,0
dd88ffdd,0
21333753,1
59bdaa39,0
45997e09,0
53898765,0
baeb418a,0
91f9e554,0
0e57176a,1
757a4dbb,1
d61560b4,0
cfe8620e,0
eaa2bd5c,0
21b42bcf,0
a810741a,0
fdbcb192,1
5159b73a,0
d6ac35fb,0
ca2b73bf,0
f4cc04d1,0
94cd6d98,0
602a8cb7,1
e4f242ca,0
85bd5187,0
2254fddf,1
5d019dbc,0
afff83a5,1
8518475a,1
4e4740ab,0
3ac95608,1
697ca5d5,1
ae5c31a6,0
bf8c859f,0
7b01dea1,1
ff974c08,0
198487f6,0
8276e302,1
e9503067,1
a25d431d,1
7ce5fe1c,1
938c94c1,0
0963de68,0
b525f412,0
468a76e6,0
6d707cd8,0
0b3f810d,1
212ba621,1
64a83667,1
59448190,0
590cc28b,0
f4911101,0
29abdff3,0
ea8fcefa,0
4fc96bcc,0
4e2a2552,0
35a9ebf8,0
022ab5dd,1
3b8d7410,1
ab0d5632,0
f7bf941c,1
e3908386,0
07552ad3,0
0007f9f8,1
0f7703df,1
23965879,0
8638144d,0
0d943d50,0
b78acd54,0
7be5ea03,0
388fdbcd,0
8b42ac97,1
ce804d4b,0
f28afb0f,0
c3304d26,0
b73356d9,1
4131e502,0
871889da,0
a5bee489,0
e0a77510,1
0387ac1f,0
b9000c35,1
0cd13e27,0
b8984ac3,1
04b3c097,1
6f06774e,1
065a34ae,1
cec1af41,0
c0184f39,0
c654ceff,0
a1a5b928,0
af04dabc,0
fcaf37e3,1
ef81fe1d,0
223e36f2,1
53c11cfd,0
804f8743,0
7e158f50,1
505f5e51,1
62e35989,0
2043420d,0
9589dd34,0
889ae7f0,0
cc1f4294,0
5ae7e9c0,0
83076321,1
9ae2a8cf,0
4c0f28da,1
cfdbf7b0,1
ba7d8dfb,1
d7c0756c,0
2f85be56,1
f482f79b,0
4c4d0bad,1
3723e9f6,0
54f0a260,1
cee96572,0
8f2970c2,1
68d64d01,0
06d8ca87,1
c25c2c1d,0
f3044dfb,1
3a176dc4,1
bc7f7e4b,1
7ba0d348,0
7674d065,1
f75dd0cc,0
00f6aea5,0
fa60b687,0
d08f9bea,0
07258da0,1
3ae163e9,0
54aa718b,0
d68ba4a0,1
8ea27c76,1
04de9e65,1
861efb51,0
f688f589,0
e35e5b04,1
3f55c19e,0
80411df3,0
dc5cd88b,0
dbe78109,0
c9197bdd,1
87db13e9,0
d7490ded,0
7543a677,0
e3b0c83d,0
f76f2528,0
b9ce158c,0
bdab88ff,1
1b8b899f,1
2d2b0039,0
8a6e2bff,0
37dce95b,0
2d758899,0
cb9c0e87,1
914673ad,1
14c0a490,0
0626ddc3,0
f216d6b9,0
207c831a,0
c2b46702,0
acfd1a1a,0
5392e173,0
b6265f22,0
4988f365,0
5dc7a19d,1
23499fea,0
550f0d6a,0
7b73c808,1
7be76b09,0
d5cb30e0,0
b7822b3a,0
d40959da,0
cbbcdc4c,0
5fda82a4,0
0c499911,1
272cf91b,0
c598237b,0
0cc35ea3,1
8c8cf00d,0
93e76517,1
8df73c91,0
02abd1aa,1
7ccacc15,0
8fcca1fc,1
60da404c,0
2fe0f743,0
89238c33,1
deb105f3,0
8b13ebab,0
a30d45d6,0
f38af438,0
8a35b626,0
bef13027,1
0d50140f,0
a24f2199,0
b196dcf8,0
5345e198,0
7a8237b5,1
c65703f5,1
ef382def,0
1295d892,0
62bab372,0
7d85d979,0
8abe895a,0
4b6cacf6,0
3ce08a52,0
08115ea0,0
08449673,0
67ccece5,0
22689525,0
60f9c7d9,0
6c984c2b,1
b6366646,0
aa57ee77,1
74bdc988,0
e3ecada2,1
457587bc,0
5470eb3a,0
fff1e8f0,1
856f3f70,1
db7d6888,0
ec9fca93,0
4b6502db,1
3aa7baad,0
fb61d9d5,1
ca3b5ec3,0
6a02a3a9,1
70c20777,1
4343c094,0
0d2735aa,0
073e2d1c,0
58df1a82,0
4675061b,0
edaf5e01,0
60b52506,0
9877f21b,0
7d7b091d,0
fe3c5d00,0
6acf6f60,0
50c34ece,0
23552c01,1
c9102fe5,0
e9159f85,1
8f1de21f,0
4cb253f3,1
3d4f19d4,1
a9dfe1fc,1
f2e6c880,1
040019f3,1
eb7d6558,0
463e53e5,0
a8c45640,0
bfec345b,0
895d6fb6,0
e6c198e2,0
fee58f49,0
b0834b23,1
83586c16,0
2d28e819,0
6e811e9f,0
091d76e2,0
f36318e3,0
de436075,0
c7a261fe,0
47c13014,1
aa3d069c,0
407825de,1
50258de4,1
dc02b60c,1
226ea237,0
7cb8a9b1,1
e4fdd2a9,1
026b5c2d,1
208d346c,0
47431666,0
96cb5839,0
7bd1b094,0
7a7815b5,0
6ae0d59d,0
30b1a14c,0
c65ad6be,1
142ec966,1
1651fe40,1
950b3493,0
f0204deb,1
26476840,1
5dbfdf7b,1
237fd476,1
4348c794,1
b355e881,1
f91ce9d9,1
7684cb43,1
10a1f813,0
73414cf6,0
bbb460f0,0
cd50f954,0
1d15f9aa,1
1e235755,1
e6bcc515,1
5490cde9,0
e66957ad,0
146260ad,0
19ea7017,1
c612ca77,1
4be7438d,0
6c9a84de,0
25cba86e,0
aab91cae,1
b8785588,0
dec066ab,0
cca9ce9d,1
0cbe051b,0
88d1b009,1
ab631944,0
9f14cffd,1
71168743,0
279dbd4a,1
0542e598,1
b54d6e9a,1
39807021,0
37223cad,0
2bc8119e,1
6303031b,1
5996558d,0
cad47f71,1
4edcb033,1
34a9c9b2,0
06bd068a,0
c0a3e7ee,0
317cf8f8,0
ebb34bac,0
14a7c1d0,0
9574d9c3,0
a47ae116,0
8ceb41c8,1
9d71136e,0
83b91ef1,1
dbb70369,0
87652a6a,1
6d0de685,0
1f640c3a,0
85b3f61c,0
8ccafa4a,0
d05bc95f,1
79f128b6,0
443e9e8a,0
22ba5f79,0
aba80296,0
932b23a2,0
e9f94fe3,1
39504bfd,0
572fa8fd,0
66ff0713,0
900b90d9,1
ea7bc475,1
c585f36d,1
24873fa1,0
d6234af6,1
afeb27ac,0
0cc6b1cf,0
368f8a3b,0
0825f1fe,0
29cdb447,0
e4a2779f,0
5aa2fea9,1
3d06d352,0
845e6d6d,0
976fb697,0
6ecd8db9,0
233ef2b4,0
476973f3,0
b11b244e,0
f030b656,0
88387b5d,0
4d4b04a5,0
100676bd,0
c70f7553,1
43c536eb,1
bb23b3c0,0
8b3ce432,0
70442c18,0
a05b7193,1
5a342cd6,0
c638839d,0
94f5856b,0
bf82c0d6,1
2211ee6c,0
070ca5e5,1
7a17e980,0
47f7cb1a,0
0e554cd4,1
13347cce,1
5c195c2b,1
200474f1,0
44e17852,0
b86f0744,0
6b927613,1
999aeaf7,0
e3396e49,0
5c8f9645,0
50bb9b8f,0
212d3c17,1
2fd3d095,0
674ee7ff,0
6194049f,0
c612f7df,1
141b42d3,0
d7033ae2,0
2e876bba,0
a5a3b5d2,0
dee90cf0,1
fd3eda74,0
a3dad071,1
6f0c061f,1
f274d679,1
2fe871e8,0
5d58159d,0
4b974513,0
014e0560,0
504c719b,1
1d10b8f8,0
6cd9331e,0
c9277981,0
25c03fa6,0
773b30b8,0
448f7761,0
35a41820,1
98940046,0
672dbf36,0
1a80b636,0
c7f4ec15,1
d7b7855a,1
1c0f3e7f,1
0936de63,1
4d7f2019,1
1be9e9e0,1
f2652a85,1
9100b6c7,1
b345e342,0
55118e15,1
09055b32,1
d80da43f,0
89761d4a,0
9b3588f4,0
5767733f,1
ec3fd3a2,0
05d79547,0
48334f67,0
a13722f1,1
e49878b4,0
1d1bee74,0
b63e17ce,0
be9f618d,0
a8305f07,0
2541e9b1,0
1123da80,0
5f56b97c,0
044dffac,1
15a3a150,0
211a5e46,0
252a6fa9,0
e7616c0c,1
394e7021,0
b19e1623,0
84f262d5,0
b28e49f7,0
fe8b35e0,0
1e1c3168,0
4b7b6542,1
5809b114,1
3a1eb46d,0
7704ee6a,0
53d35723,1
8b1eb2df,0
ace4ffff,0
3602da39,0
5558f591,0
ca31e82b,1
e9711766,0
d0387a97,1
43ddf61e,1
6f84d852,0
4a35f5e9,1
1d643758,1
86cd958a,0
caa8169d,0
14098f13,0
b491342a,0
77cf961c,1
5d323e9d,1
31a8551f,0
fe7cb087,0
95054c5a,0
d337b100,0
efd43388,1
89237cc5,0
f4c009b2,0
c18b10c6,0
c50e8ed2,0
cc257990,0
fb879686,0
515265e4,0
03e3fe16,0
cec706a8,0
3f713260,1
ef6245fb,0
ef32a539,0
8868c4d4,0
fbfe2d3e,1
14b3d68a,1
b460803f,1
596ed0f9,0
354dc6c9,0
e2e21455,0
2ef5d835,0
b087fcfe,1
b29719f2,1
40ce173f,1
62758f04,0
fc918310,1
f5a72712,1
8e8492ef,0
5fb41444,1
cfa7d0e1,0
8bd5d403,1
2ffc1996,1
83d16412,1
554704cc,0
46532428,0
f3c2e229,0
ce6ac5d8,0
b04bff91,0
ef52ffff,0
0acccfc5,0
91c56f19,1
b0996f7b,1
8166096e,0
8850abe8,1
b1ae2b8c,1
dbba96fc,0
68795224,1
9507d787,0
12ce11b0,0
46ca6b2f,1
4e27e1ad,1
b8fb8fb4,0
50d0c314,1
ba6ca3e9,0
8b1e0798,0
13b0ee19,1
6db046c6,1
5b3dbd07,1
07b43b43,1
4b9e0c79,0
267050b6,0
7fae2e3d,1
8e96ff68,1
d43b88c9,0
5ee696bb,0
866bc5dd,0
9b1054bf,0
f01d6e1e,0
5c825059,0
34edfb07,0
7fd3490c,0
9fc5abdb,0
113129c2,1
75ce4c2c,0
4bee0849,1
d0f70a08,0
4323538c,1
c59af2a3,1
b4b94990,0
86667e14,0
49a21d19,0
3656efbb,1
5f6c8145,0
562c51cb,0
8597b329,0
6d4684ca,0
7ef74417,0
30a8dc9d,0
1b9e060d,0
a148bf22,0
ad7c88f1,1
c647198c,0
1b0955e4,0
c4a6e730,0
6334e30a,0
bf3d7c09,1
d2652c5e,1
34d22f73,0
d86b5320,1
c3a5b839,1
a16ca042,1
2801d34c,0
28a2c6b3,0
546c155a,0
3323a8c8,0
39021ae7,1
24677ad2,1
a379d764,0
40519cb2,0
cf4ba17b,0
11f1f21d,1
533d0d41,0
dcebbd9e,0
33a491c9,0
6365347d,1
1c9d680c,1
fab88cb3,0
6155e95f,1
1eeb8718,1
d04bac32,1
4b0b1c6a,0
6ee6ffd0,1
fcdf9554,0
688c9280,1
1b827125,0
904d7909,0
40459683,0
17bad314,0
0e7b0ba7,0
9fa539b7,0
be2bbf9f,0
5d509ece,1
770317c4,1
8a115a70,0
f79c78b0,1
1b428a2f,1
85b4ec8c,0
e6a5a7fe,0
0964045e,0
bd15afb8,1
0e2fca64,0
1b7f6d37,1
0318d0b2,0
2d977828,0
1e289b25,1
895aa5be,0
26df16c0,0
a99347eb,0
13502b82,1
f730af9d,0
50f04052,1
7e18ddc7,0
d2639eb0,0
6e004de7,0
ded338de,1
92eca984,0
fc4c2152,0
e69f0847,0
283d24c3,1
6e4e458f,0
944d315a,0
ea0d99d4,1
10b6a2af,0
7398524d,0
98b38e6e,1
bbba06ec,1
9a71b5ef,0
74c81000,0
6d2e0766,0
ab8e8d02,0
3d708863,1
4f6d0fd2,1
7c4634dd,0
98f43038,0
75893769,1
c2adf405,1
3a053af3,0
b1c56434,1
c3149665,0
ba7641a5,0
8da5f45b,0
180315e8,0
8ce15b16,0
8b71c402,0
736320db,0
32aa127c,0
6f5f9344,0
90b99c77,1
f7bdf22d,0
d938fad3,1
85f4ece3,1
1c0162ee,0
f574b4f9,0
4351f04b,0
12e9da7d,0
6cca00d9,0
0905626b,0
58f8478a,0
a393e61f,0
d1ba6da4,0
5147088e,0
0ff69a3c,0
b3af1d95,0
87cbe4b6,0
047a51b9,0
0def0710,0
b82c98cb,1
ecc89c13,0
fcfd8050,0
088f10a6,1
74ab431e,0
dcd5d9ce,1
21fea8ce,1
e8784755,0
3f35842b,0
6cdcdb6b,0
06f0a5af,0
15176de4,0
9375fb47,1
faa95bcf,1
28a2e3cf,0
5fc99607,1
0a02264c,0
24a855c0,1
5fc41bb2,0
be5e94f3,0
faf951c2,0
bbf070ad,0
f46b61ed,0
7396520b,1
327fb503,1
3d50abf8,0
fe4cc9c9,1
e6ea1fcc,1
694dae09,0
f6be0a77,0
bad293f4,1
60d86859,0
9234e89f,0
e1184450,0
b0f7f023,0
81795aff,1
c3bd6c13,0
1cb2e4be,0
5d3a06fc,1
1bedb803,0
d32460d6,0
47517fb7,0
e5cf950f,0
220ca7d5,1
ca5daca6,0
7e4713d1,1
b33c2494,1
de31edf8,0
6e129b1c,0
d150cb13,1
1f316884,0
ade20ddb,0
59d7f095,1
60e92178,1
fbed56b8,0
134374dd,1
631ed05a,0
1b60d839,0
d2ecb8ce,1
9f5f0b4d,0
08268315,0
d3d39212,0
a9800480,0
bc4bc228,1
ef6cff40,0
fdcd84cc,0
49320aac,0
a7ec74f5,1
0e55ff60,1
f1a0788e,0
16eb6f0e,0
56b76e06,1
055e1e8e,1
4ab8d89e,0
b9ed9da4,0
9975449a,0
23fc5e6d,0
84e1e67c,0
c3a9dee4,1
2f1e236a,0
f10ab4d4,0
a4543b49,0
89bb6ade,1
41224a74,0
86b421f9,1
d3047e17,1
a03c3297,0
afaeb7ab,1
8edd2ed7,0
47c6277f,0
379f75ea,1
f3bff4b1,0
de34ba4a,1
1560f535,0
f31e20e8,0
a37d5ae2,1
375d5270,0
7f827f29,1
99a8289c,0
f39c2dfa,0
413deacb,1
4c575979,1
0e472085,0
ea440f0c,1
771b80c0,0
908560c4,0
a579ad12,1
d806fee5,0
31e62085,1
4cbd95cd,0
fe0a7efe,0
32a408b7,0
be0c369f,0
504640ad,0
6b812d2f,0
f1d0dad4,0
5c477d8b,0
8c51bfde,0
2d39b931,0
177af958,0
c93b3f8c,0
c2003d7b,0
46abf71f,1
687c5b2d,0
826a150b,0
a9055aed,1
f3385af0,1
091148b5,0
dee1792e,0
6bac64de,0
c92f6a9b,1
3a4dfe42,0
92487eb3,1
cf7b73aa,0
1dc7db21,1
ebf84235,0
3db26e05,0
0cdb7317,0
483e2474,1
b0dbd041,0
7c101aef,0
924ab9f8,0
bde17b7b,0
2325c534,0
8d109a38,0
fc6b11a7,0
74b9ebfa,0
e22d8bcb,0
85a02d7a,1
7484230e,0
db214374,1
88a0893e,0
770f81d8,0
d662ccb2,0
33d54322,1
43f4788a,1
74c0649d,1
84786a89,1
31f8533d,0
83e0f900,1
fbe77fdf,1
1eb9b1b0,1
6681c3d8,1
2472a283,1
0bac0cac,0
ff0e0b78,0
35c77c1d,0
b1dd1f9f,1
4699af78,0
50500018,0
1862dd0e,1
ae71f2b7,0
2756d506,1
4ce35350,1
3d1fed4d,0
e7afbe11,1
4b27fa97,0
c6cc8f5a,0
034df0c2,0
539d1ef4,0
1783761d,0
f54d9096,1
278d69be,1
39466da8,0
87191bf0,1
d8e384cf,1
16cc9999,0
c5b2b9ac,1
4f825464,0
f9abf07c,0
6014a8eb,0
444e1177,0
b5c4c0f0,0
591365fe,1
705eba03,0
3fc5260a,0
e06d0106,0
d8541925,0
6070c4aa,1
b342bc5e,0
6d951589,0
11e25c79,0
dd3787c6,0
2b5dbda8,0
ea32fee9,0
635e85f5,0
cd3a2d44,0
6ae8d2a2,0
7c056b1e,0
b1e33646,0
d8bcac98,1
cc218e51,1
d72d34e6,0
e5470509,1
256cc16a,1
a2b3b652,0
3295e145,0
e57dbe23,1
a0309826,0
03728920,0
0d7444bf,0
10b44295,0
dc487a1e,0
44a7303c,0
5c6b80ff,0
d2136982,0
5fd4b3f3,0
848f859b,0
f02a2599,0
f7f2f45f,1
9cf29b58,1
2b023bc1,0
ed1bdf03,0
879814cb,1
cc2bb006,1
d50c54b8,1
8fe50b54,0
0de87ebe,0
297084f5,0
1003e065,1
5b840472,0
59e47a5e,1
1fb82069,0
6e9ce03d,0
4077e020,1
ebfa64ec,0
4dec0157,1
4b504598,0
9386ea7f,1
12b92490,0
b7ff0b24,0
e0579456,0
a92b3377,1
6ad60fbb,0
eb97d5dc,0
79ef4263,0
13f0fb2e,0
6ce15d2f,0
827f48cb,1
94ce87ec,1
52ad2cab,0
1cb4fde4,1
68945b74,1
c7e0288f,0
b61cce6a,0
263b84ed,0
9a4f3d71,1
86e1e016,1
a6e2fe09,1
7a00fa63,0
2f070adc,0
e5c0ec63,0
5ab3d294,0
baad21d7,0
5b326edd,0
3f7c3039,1
d5c61f47,0
7565362e,0
36f1ca88,1
cea9683e,0
b08d2a37,1
b8cf0d53,0
7e38edb0,1
07f890e7,0
f1fb8265,0
e2aa2814,0
aa52f0c3,0
775f3da4,1
7a644a2c,1
ef0149cb,0
393e97f9,0
da187346,1
6ff28ce9,0
cfb5e719,0
ee80981f,1
00e608ef,0
1221473d,1
a7fc4da7,1
b49e720d,1
8dcbf7bb,1
ce09c788,0
918788fc,0
6a794cca,0
c4d870d8,0
96f568ba,0
e8511003,1
f0ebf8d7,1
7e140bd0,0
c55b86b2,1
4b81a9bc,0
9477f0ef,0
0b440dcb,0
00d1b420,0
03794b15,0
8540e728,1
0e28bdc6,0
c9122457,0
88400951,0
029b1572,0
4ede4d2a,0
6f659873,0
1fefc015,0
4440b233,1
bf87fab9,1
89871c51,0
fcb17ba7,0
f263fdac,1
52847427,1
41674175,0
0d2d8e22,0
f6cd7294,0
f9e474f4,0
b55d2ddc,1
605f77e4,1
942ff414,0
f6e58e6f,0
d8eb3039,0
fb063365,0
ba805b83,0
e4dbb29d,1
9383872f,0
f4e28908,0
08ec4f39,1
71f853a3,0
a48fe183,0
4309a699,1
30938ba5,0
70e4f053,0
eac20bff,0
acdd7312,0
23a9ab17,1
90c81fc6,0
99a57677,1
98c68dc6,0
3b0c02b6,1
fa982a1d,1
aa92d5a7,1
5ca095e0,0
e21646f7,1
c596f9fb,1
3eeeb16a,0
c341a670,0
0dc8984d,0
2c203a0e,0
2efd03c2,0
48d783c9,0
ee3a537a,0
7d13c085,1
f82515f9,0
2000b8ce,0
f95144e4,0
d103db2d,0
0a326f5a,0
0db056d2,1
239d2352,1
1a148bde,0
de24e7b0,0
5340b574,0
5aea948b,0
c9403502,0
2a5c9289,0
c8a09d23,1
1fa58acb,0
905cfb89,0
0d551194,1
3f5d7f5b,0
46c092b3,0
5e448602,0
a8ac0fb7,0
6c9bc72f,0
c4a2ab5e,0
feb31b3c,0
f2e3a7bb,1
5c2314e6,1
161f09e7,0
8b93a0f9,0
4554787d,0
6fa2fd3c,0
d0502001,1
f1270fd8,1
8901ff45,0
9310f416,0
67a06ae0,0
77b1771e,1
bc324fc1,0
e0350fa2,0
c93cee70,0
5879ad4f,0
82c3d021,0
0f78dd66,0
fee8fd2c,1
ed8fccf1,0
3fcdbba5,0
9d94af09,0
5d8c40b9,0
3910fb86,0
8ddae1f3,1
e990919d,0
2effd277,0
48e9147c,0
4e25b6aa,0
1a2f1da8,0
c12326d3,0
66df6056,1
d8203587,1
b5b2ca41,0
f05aa18e,0
0d2a9b9c,1
419897f3,1
490b92c7,0
edd9cde2,1
e5c31aed,0
cb4c2fcb,1
c40bf46c,0
6c42c14c,0
e69bc04e,0
26833e44,0
3a2996ba,0
fdbc0f3f,0
ee02418a,0
70f05a05,0
059d6ab5,1
70ab69e5,1
c286f0ee,0
5aa3d653,0
fdbc7720,0
c4902698,0
8c98c1d4,0
1eb8e559,0
ff907a5f,1
5140832c,0
d2ef2019,0
a7ee1891,1
5b9b472a,0
e5f30b3b,1
a0e7c4e5,0
0f031052,0
245c2e2b,0
d22a8a73,0
69568ed5,0
da0bf1ea,1
39c9b6fd,0
f6f2ea8d,0
afd4f5cf,0
7463a80d,0
96886905,0
127ee1d6,0
5ed043d2,0
b55f60c1,1
16500904,0
8040849a,0
20d6553d,0
8d3ec160,0
095dc1e7,1
a052b154,0
b2b6cf1b,0
009ad003,0
c3defad0,0
50986e0b,1
f616a855,0
d78898c8,0
709c846e,0
3cbb1bad,1
21074709,0
18871393,0
cee2a25b,0
1f69619b,0
380cf7b7,0
e12f5624,1
39f2661e,1
d46edc7d,0
0a9e2fb3,0
dbb3523f,0
72f2f5d2,0
4e3dd11c,1
27809893,0
47bef715,0
e0d9549e,0
707e5365,1
93029ad5,0
078c3f66,0
9957abec,1
fc093cea,0
c8a95f9d,1
8810a006,0
cc0063b7,0
9b9558e6,0
b23cff37,0
3a6e9f0f,0
a9637a0b,0
b039b94d,1
c383d937,1
fd75d588,1
dadc32d4,0
6c228335,0
67125c63,0
44a25eda,0
90de5911,1
df3169eb,0
dbde9c11,0
fa903379,0
6d548c94,0
44953ef7,0
fdcbc247,0
0a90b08c,0
98c7a52f,0
7723324e,1
915efad6,0
275c6423,1
0cb14368,0
7ed83dac,0
4c896aaa,0
9be8f221,0
705a3cf6,1
4d222d93,0
3910d0d3,0
2da4a14a,0
ed0f88ac,0
0087d90d,1
079af4f1,0
a4770481,1
49590f30,0
2743a8cc,1
7e289f57,0
3dddbb9b,0
8f85fd13,0
dab416ba,1
244907e8,1
6114c666,1
ed27a96e,0
d3b2715b,0
ff063dc9,0
71d2fb18,1
f0d57cde,1
38dcbf1e,0
a7fdb40e,1
b59009d9,0
3387f821,0
8a1e41b5,1
372b6ca6,0
1e23790b,0
549afae4,1
f816ee0f,0
3fc39202,0
18c630e1,0
ac0d592e,0
a7a792ee,0
63672c92,1
754f7bed,0
1e0c93f5,1
4582a85c,1
c3cb1821,0
4819b40b,1
bad078e4,0
99194787,0
e1330b35,0
78bc15e0,0
0ef7d398,0
2f51d311,0
8e412b9e,1
c2798fc8,0
ea18f5bd,1
77e0001c,1
88c5d545,0
676d6a31,0
426d0462,1
e2c85332,0
84a54208,0
b5de6c02,1
9bcd0b44,0
51fc25a6,1
966a786b,0
8f41f7ed,1
e6bc4651,0
d84ee8f7,0
09748b41,1
78dd23cd,0
1974bf30,0
6a3efc22,1
76439609,1
c77d5a27,0
f45d565b,1
5964f64f,0
ab4568e0,0
748b6484,0
aeefab00,0
b9c1177e,0
026e37b5,0
220bda60,0
e644afd9,0
02c89d01,0
31fc1cc1,1
68e91ae8,0
43c305a3,1
54ad8b41,1
1d70d9ee,0
16b00348,0
86efaaf4,0
eecf8d04,1
010ac5e6,0
12216eb4,0
6cdf785c,0
e95a75a3,0
075d69fa,1
c753b58b,0
eb51531f,0
2a26a00f,0
152a5c28,0
51009048,1
83e541b6,0
cdcbf5a6,1
50180509,0
119fbd3a,1
7591ee47,1
13867c51,0
86d00148,1
a269da2c,0
8020cf7d,0
52680f0f,0
d2f4e709,0
bb8dbab5,0
5d849ef8,0
b474627e,1
2f4711d6,1
86767f01,0
b2eb63a8,1
234c5fdc,0
15c14c85,1
779ad2e2,0
6409e5f4,1
9c9eee67,1
16e5f2ae,1
aa9d881c,1
159afe00,0
2b93eaba,0
38a914ee,0
12d8ffda,0
3e7db97e,0
7077e77f,0
e1d9e963,0
9cb02e32,1
86c1c5d2,0
4d9beefe,0
ba5148ce,1
12d12eb1,0
05c2f179,0
0e42c2dc,0
8e86c156,0
d45118fc,0
36eaf856,1
39762f24,1
0eb2829e,0
4754cb57,1
1febe821,0
3a9cede1,0
b04bae4c,0
cc86daab,0
1ea91f45,0
dfc42bba,0
df55c39a,0
c516e847,1
08377b76,0
044182f4,0
30cf3668,1
1f75bd35,0
d2db56fe,1
892f01a8,1
c478ad22,0
b6bf93ca,0
45fb8735,0
b36602f1,0
c2b7b77f,1
9ddae732,0
cbe3522c,0
a8166d72,1
f1052d40,0
6b8e352a,1
2fac005c,1
0db15bd5,0
5dd7307c,0
1a2d299f,0
8d7ebbfa,0
53d8864d,1
02a30fef,0
7b714f4e,0
452bb1b5,0
5628d3b5,0
6d3a59e2,0
4be804ac,0
57cdd1e3,0
754b0ee1,0
a9bb4414,0
0c0c05b4,0
5523ba59,1
3257f6f4,0
4cfdcc15,1
fecccc78,0
3932e298,0
2de3674f,0
d530eaed,0
24a030cf,1
f30bbc96,0
cd2b4dc7,0
d2783da0,0
e6892386,0
187c11ce,1
25c9c257,0
1cfe29ef,1
c032af1e,0
4030fd2c,0
1d277f77,0
b67b17e2,0
2eb53fff,1
586bb792,0
b464df1e,0
3a2bfb87,0
74b730f9,0
e07b3548,1
b4b84740,1
6b1a1db7,1
5fbe4f2d,1
90136af4,0
3382b83f,0
69895de7,0
4fc7ebd7,0
a5bc5c10,1
4becb749,0
137ff099,1
f6e8ad7a,1
4c480db4,0
89525b03,0
16b7ce48,0
9196ae40,0
cad91b09,0
58c00747,0
5114c7ff,1
90f6a1f8,1
777ecb57,0
74eeceb6,1
2670ef98,0
6a1a66b9,0
f235e826,0
e8b2c32a,0
c949591f,0
95295d57,1
763905ce,1
96782e08,0
27739fb8,0
779be66e,1
57fc30b3,0
09ab2936,0
88819578,1
7b9da8bb,0
57bb61e0,0
071ad81c,1
cbf72be4,0
af8e4b7c,1
37e9c795,0
16d7ac80,0
cc8d6acd,0
372d3fc3,0
da53dce0,0
47873616,0
31e9ddeb,0
3ab7fb69,0
9a27424c,0
29dbfb7e,0
47d6964e,1
a9be58c9,0
a8792956,0
b34e1b80,0
2f546cb9,0
32fea9d1,0
f6b57d10,0
fd775f01,1
f19ef7ed,1
43319afa,0
3ecf92a0,0
fb5df673,0
786138d0,0
34f9dadc,0
e388d08d,1
0470c4bf,0
72611e8c,0
becc93ce,1
a22636f4,0
b1954d60,0
d1dcd0c0,0
1b5fc4ea,0
550f2abc,0
9196e824,0
dc79eda5,0
4bed83a6,1
08c38259,0
0dbb387e,0
8d957354,1
23e97fa0,1
efc024bb,0
c8f91259,0
f0e78eac,0
5f4f1358,0
48074c1d,0
bf3b6271,1
bad46887,1
4c635fcc,1
b95553ff,0
ceded999,0
4234bd9b,1
b2c95bd1,0
ab863114,0
2136c039,0
41b3c8d3,1
3a0ed971,0
53f6d100,0
540312f2,0
b887265a,0
d7644108,1
b1a38ea2,0
c3102df5,0
d2eecf4a,0
972f7094,0
3b9351e1,0
fbe50e7c,1
4f44ac3c,1
ba9ccb43,0
0ea6b8e5,0
432b176e,0
e106a6c1,0
3c3d28af,0
248ad81b,1
b2310e89,0
7f90d093,1
ce326aa8,1
94c8850b,0
4d848392,0
5e5ab62b,1
b97c9494,0
1fc59559,0
51f4ec59,0
151ba30a,1
cca14c55,0
60a13b1d,0
aedcfba8,0
840c7ee2,1
18f3610f,0
f1a6ba81,0
9a9e5fc0,0
befbbbcf,0
c3c791a9,1
425f3224,0
52c2c488,0
8c81a68c,1
38cda7a6,1
f88e34ed,1
8fe08863,0
0eaa4019,0
e1ec242a,1
7fad49a3,1
33d573ce,1
2876e5c4,1
129c9c18,0
00d22a44,0
b8e883f5,0
3d8219a0,1
1e96abdb,0
dfdb7b01,0
4625ccca,0
c62e3e88,0
2cdc1e95,1
33f57c62,1
5812bfd6,1
7bf3140c,0
7fee9c64,0
da70f41a,0
9adbe664,1
c8e72ba9,1
b61124e4,0
34174c62,0
c2f7a83c,0
918c829a,1
86bc7174,1
c105dc75,1
be1767c2,0
2b774dfd,0
a11711d7,0
c70cbbe4,0
9b090e8e,0
900b5f2a,1
4f1e1838,0
16195867,0
82f84089,0
730eec86,0
de31f0b5,0
74ef1e1d,1
f699eb62,0
a073f116,0
869a1ab9,0
1187400e,0
439c45e1,0
a69257ba,0
a074aa7e,0
1f05e8e8,0
724ca94d,1
b4a4e78e,0
40be344d,0
087bf673,0
f11f7096,1
3b7f0f75,0
a1f01476,0
50f96c55,0
d28ec065,0
f1528ba7,0
52917d0d,0
af67686c,1
e3fc3651,0
6b0710b7,1
c1e1d972,0
8e881698,1
d1cb8995,0
6a67a820,0
e322cb69,1
e439d681,0
1da46716,1
c8072f87,0
3a014a4f,0
04ead32d,0
544c4a6e,0
6ebf1fa7,1
a63a61ce,1
79a44a93,0
13741f54,0
fb1888f0,1
f7fbabe7,0
394843f9,0
996d7538,0
baad4f78,1
4e7510ed,0
4899abee,0
bf0b041a,0
22ba6406,0
f1969264,0
3b2c4ffc,0
5815e950,0
165a874b,0
1fcfbe8b,1
5399929a,0
4e624949,0
d8318dd3,0
5f23878e,0
57b86510,0
4303572b,0
d459792e,1
88318722,0
c558071e,0
ef7c766f,1
e93bce44,1
c8e5edaa,0
26952230,1
409866fc,0
cc223b28,0
0cb1ac0d,1
53c0c452,0
6823ddc0,0
8f709ec7,0
b1224d6b,0
875c76d8,0
b5e29207,1
3b5c1caa,1
b9dddc9a,0
d4c3d11c,0
bf70c18d,0
bf8602e6,1
152b639c,1
21a6bf17,1
5044a612,1
7ff231e6,0
1e8408b0,0
49001a18,1
caba4fb7,0
2a978450,0
175984bf,0
f203bab1,0
0caba2af,0
70a66696,0
d264d7f2,0
ee211fea,0
b0467d41,0
99e41544,0
7e8283a2,0
0142ad40,0
c7bd50c7,0
aabc7845,1
975f1a01,1
4f131551,0
f3dd8bf4,0
fe67b8e8,1
9024ef45,0
ecb29716,1
02894fb0,0
cd0a515a,0
78b2b508,1
a88ebb1f,0
8a9b20f4,0
b68a123a,0
62382d04,1
d3d8a470,1
7e8790eb,1
3708fafe,0
225d43d2,1
a4931729,0
5a992c1b,1
f7af71be,1
aab719b2,1
8b7881ff,0
460c87ba,0
0a424198,0
b004a4be,0
6b0ca8ec,1
0a697aec,1
aad61ad5,0
d635d0bd,0
6e818108,0
c4072845,1
c29d1ec8,1
2217d487,0
a3a5eb86,1
155f3438,1
d0cdeeef,0
6a58e2c8,1
853888f2,0
0f312957,0
9262a458,0
f4607325,0
5a107de8,1
9b3fcd66,0
b9191e2b,1
ece1629d,1
44738916,0
f45d4460,0
84a8c0e9,0
af6693e3,0
6f9a3279,0
39bf7dde,0
973b0100,0
95fb184c,1
b0a92d3b,1
51655d40,0
6bd60b0d,1
a7829689,0
1a49734f,0
fffe5951,0
e10ea972,0
07040cb9,0
a7af7ea3,1
9234133d,0
eeafb35d,0
e522a678,0
de42e4e9,0
4f1ba068,0
b1025e31,0
032b699a,0
64e9f711,0
e00629c1,0
f1a1d7f3,0
49d63f66,1
71173902,0
d6bf28e9,0
eec0a7c5,1
c685c9fb,1
d0b5f58f,0
ddbc90fc,0
5646faea,0
00e613c6,1
8483ecff,1
9c04107f,0
b7478d21,0
fe36bc36,0
497f994e,1
9d8ea751,1
cb9a2621,1
4f72b425,1
dbc08aec,0
dc50d0d4,0
161d9c06,0
50259ffb,0
1de24e9d,0
12ee6e58,0
89245a52,0
4e0ad5dc,0
217caa86,0
2f407382,0
093b764d,1
6026ad39,0
6bea766f,0
2ea3ae0f,0
4211091c,0
563c7779,0
232d203c,0
31a355a0,1
f31c42ad,1
63a86e9e,1
22c9fa79,0
8581b5dc,0
051672bd,1
5923559d,1
bc8e8b4e,0
f37d918a,0
17eecd41,0
bdc1bcc4,1
79436bbc,1
d8033488,1
6c25a517,0
e08b2959,1
45f0a6d9,0
5019af3c,0
a8024751,0
603d7796,0
643e613e,0
6678116a,0
b9c9fd28,1
d6414b08,0
83ede531,0
7b0d47b0,0
7c30bd61,0
3e0ad65f,0
b0228068,0
ad348612,0
1f0b7ccf,1
0128ea52,1
a1f06ec7,0
4ca75778,1
669bdceb,0
9915d5f8,0
08b31268,1
bc8d799c,1
13b6bfb3,1
4de45765,0
ea46d80d,0
2bd96edc,0
d0cc2df0,0
07443e87,0
fb6cdb05,0
4e684c74,0
b547b72c,0
ce02f355,0
11a4c976,1
aa5868d7,1
92ff62d9,0
de0b1454,0
c9226679,0
ea969c74,1
bedad426,0
b6820a78,1
145c241d,1
2267b95a,1
c028e514,0
6fe48c8c,0
dc73493d,1
3146e458,0
98821e60,0
438d52a4,0
0bfbd4fb,0
eff97bac,0
2733e73b,0
f8a5fd85,0
a9db5326,0
a6761cba,0
18866c45,1
982d22b1,0
b21d383e,1
194ef691,0
8418ac63,0
327b437c,1
a8411d1c,1
66ad3db7,0
641c348a,0
cbf37e43,0
14b451ab,1
b92a37a3,0
5e2b8068,0
e11f56c2,1
75dfe623,0
542313e2,0
ab105eb1,0
00df84f2,0
59cfdaf3,0
b7a88009,0
37c1f8a1,1
1ff2aec5,1
306e75a5,0
9e68d64e,1
366dfd19,1
d30966d3,1
6f0774bb,0
98785e60,0
019411f6,0
46fccf32,0
e830b20a,0
e61abb6b,0
095e8f0a,0
7502d36c,0
a9397002,0
1e6343e6,1
d2cfcc98,0
dc415c3f,0
15a21261,0
71f4272b,1
991c119f,0
88219fe0,0
bfa918c0,0
5a6d60f8,0
2a877001,0
94383a50,0
bf33dac1,1
7c892585,1
800a96a0,1
ed9b8412,0
bf32ad2d,1
8158d4e6,0
cd1ae4a8,1
25638ca4,1
bc0bd8dd,1
490d9b19,0
53053933,0
25afadd7,0
1f96ccd1,0
e4022606,1
7e6a3420,0
4330de19,0
fb259dbb,0
7a3f5cbc,1
015a337d,0
3aba5ce4,0
dd2e86ea,0
5da31cf8,0
8add7340,0
f18a9718,1
81bbaf0e,0
42d6b167,1
e6d93ebe,1
a7b1dd13,0
2ce1dde6,0
bdaf7839,1
09bcf3f8,1
abb46ed6,1
86475380,0
4588b9cf,1
c5c3eacc,0
c60457fe,0
9cfe24a5,0
c7a8327c,0
c7125e93,0
21472da3,1
1ff3ea6f,1
107e3d11,0
7be3003f,0
8e6d7fd6,1
7d21bc2c,0
5d6ba6a2,1
b8845705,0
12945519,1
d9caf46d,1
dec824c1,0
42ab44f3,1
ccb58efc,1
d59f037e,0
2ae9b306,0
33629e5d,0
ce5b1fd5,0
858090c4,1
ae4841d7,0
5ffb1209,0
28cac570,0
6222ce8e,0
ab0aa91d,0
e1afa94a,0
9e7fd4c7,1
63417343,0
a76297d6,0
f7ff5852,1
26a4f12f,0
1a5dc32c,1
abefbdb9,1
4b0ccdc4,0
bf810c2e,0
ab375fec,0
53dc3ef2,0
abb46182,0
87d55f05,0
82766fac,1
0e6582d3,0
8eb07310,0
d901169a,1
54c3476a,0
e6bf2421,0
ec03695f,1
548ab644,0
d4b34b57,0
c402fddc,0
4148e401,1
bd483ad5,0
67ce8077,1
904eaa56,1
ca30384f,1
073f5804,0
7f4ee399,0
3bb4ad7b,1
60d7aa8c,1
706f73e4,0
beffe811,1
c887787b,0
57290d0f,0
00a1ad38,1
15c8eba1,0
0d35ee4c,1
7c502b45,0
ea51eb04,0
cf61ab82,1
aee8859d,0
1f70429b,1
fae945ba,0
9563ccad,1
695f29ea,0
a794e529,0
affd92dc,1
27f8587f,0
81e6b94e,1
4a9101aa,0
a79ad409,0
55d7a00c,0
b7dfee86,1
aa1e3ae8,1
55f16188,0
c1de7f7c,0
63ad57e4,0
df284249,1
9c5fb355,1
24f4d81c,0
8e32939c,1
285c6987,0
6037886d,0
199173d9,0
f6a51051,1
a5c279c8,0
8ccc8d2e,0
372c4322,0
0a31a3b8,1
b544884b,0
3483ad68,0
9a095b51,0
c3efeff3,1
35474a57,1
d5788cb9,0
8aa25706,0
04673447,1
e5f13c36,1
156de074,0
9b8f49ad,1
cdab2e47,0
d776a2ee,0
0af7b409,1
7a50e5b3,0
db2e7039,0
9932504e,0
d6558d68,0
49aa0b16,0
3aa4012c,1
5dabd2d7,1
3f1bee69,0
962a06ec,0
82b710ca,0
3edd916b,0
14972aab,1
f1ec516f,0
a9251e07,1
407292b7,1
79dc2b08,0
57008a3f,0
5698216d,0
7bbcfccd,1
85ad784c,1
13a17e77,1
d2708558,1
973750c1,0
a95d069f,1
6063465a,1
be847fe0,0
de4eebe4,1
3579d05c,0
8d17b4f2,0
f64cde93,0
bb2d44f0,1
8f29f97c,1
48838163,0
1bbace98,0
cf0049df,0
2b640603,0
f8ccdc49,1
235d2776,0
9f20f0ef,0
c8d6b58f,0
efbbd1a5,0
94cf1495,0
c703d7bd,0
6330a294,0
5080fb6f,0
8b2cdd0c,0
a21c97ef,1
58efe7cd,1
33f49d51,0
95069d30,0
0260200d,0
34a6ac08,1
98fced87,0
c2de3f6e,1
e85ea737,0
47756631,1
237d26e1,0
44cfd424,1
3994008d,0
99840038,1
720d5989,0
832d6e7e,1
aad7e32a,0
ca54d244,1
edac53f8,0
e7c64186,0
53070dba,1
60f5a39d,0
c99f8799,0
42deb1ac,1
2c36b321,0
5b3eb5ad,0
438fa0c2,0
1d38497c,1
8d991282,0
e9758d00,0
0d9230ff,0
f96e992c,0
c23eda67,1
a1800229,0
0b024279,0
274b6ffa,0
8d91f037,0
f6e2dc58,0
22824b9e,0
a0b3f8a8,1
4ceed270,0
b1de2f34,0
9736a26a,1
294cc2d3,1
a6997f82,1
63940452,0
f04ccc11,1
d0dacbed,0
4a882051,1
c6bad6e0,1
c7f649b1,1
394a1211,0
21206cc6,0
114fd46b,0
0a4cb101,0
e571d8f5,1
7e5555ae,0
a329ca1d,0
9775ade4,0
cd27dbfb,0
4b9ca668,0
8b627d3f,0
dcaaa74b,0
3cd55856,1
74155cbe,0
2fd5568d,0
db36c1d4,0
a69eac33,1
821c12d5,1
5737c873,0
144f6996,0
f64c827e,1
deb99168,0
56a1ed3d,0
15d72eef,0
2aeacd64,0
c88f222b,1
d2739144,1
f773f815,0
e2f18049,0
e13e2a57,1
71292489,0
b0e90ef2,0
403667dd,0
816e0a96,0
dd7d6c2a,0
c520bc02,0
debc759d,0
97b67b0f,0
5623411c,0
0c698152,0
25ffde77,0
4cfd6332,0
f3a5817e,0
1c16d2f5,1
01070e7e,0
b75bae53,1
3a6f4565,1
929b6c9d,0
e176cfd8,0
0490242e,0
d569c53d,0
f24261f3,0
b31de915,0
8c3faf73,0
841bd9ad,0
6e5e472a,1
e30961ae,0
5bf51b4b,0
735e884d,1
c35f35f6,0
2ecbfc2a,1
d3ee73e1,0
c18cef8b,0
9670e66c,0
829d1535,0
8f0e35e4,0
8ac9bd53,0
e06a7302,0
60469d78,0
470e1cd9,1
14ff296c,0
5241a747,1
29375ae7,0
39172ee6,1
8f6e9c62,0
891c5708,0
0700f467,0
e0ba076c,0
a8747e41,0
43b8fd4c,0
b192c9bc,0
3022bac5,1
7ec6ed33,1
0856dfd2,0
d02c2989,0
49e4c168,0
f688bb0b,0
79b4467d,0
7c682d4f,1
65d36ea1,1
25fc84f4,1
c786a331,1
bad9df50,0
8f68055a,0
b5a05c94,1
70ff9465,0
dd249f1a,0
a6916a43,1
92fdc090,0
94f691d1,1
8a62276a,0
2bfc71d4,1
435cb4f6,0
abf196a1,1
ae751446,1
dc27937e,0
ec5182c0,0
1633be87,0
c35aa495,0
c07107b8,0
97cd3801,1
7ee0e0f9,1
95c364a8,1
895c0f60,0
66aff7e2,0
c1649ee2,0
57ceedb5,0
76c57254,0
e3441818,1
6a427826,0
acd00ecb,0
5306e803,0
092ae813,0
9a76abb9,1
316c01e1,0
8e51df87,1
74c1aea0,0
3286623a,1
92ac2f18,0
bf317515,1
82d7bd82,0
11dd1b8a,1
7beaacd7,0
dc16d1dd,0
3ae77187,0
1047167a,0
738316de,1
7c3ab43c,0
5609e7dd,0
cfe19145,1
51953e9c,0
f3f255fe,1
1b6b3d8d,0
6bb34bfc,1
f5cd8a8d,1
e9e45273,0
94f6f40f,0
b4aaba91,1
769b2acf,0
4546e274,0
8568b5e1,0
e4751f15,0
8d1cb0d9,1
fff8b9f9,0
1979b366,1
e4abe9be,0
961fc967,1
71dcce2a,0
5ab07be5,0
d0aa038e,0
fec91c67,0
60d10957,1
903bbf7e,1
a420de16,0
8a7b7d48,1
0df3a8d4,0
84160821,0
e0d79787,1
cd73cfec,0
19fc3de4,0
17fb4a71,0
854f238a,1
ad05cdcf,0
cd01db4d,0
9c23d17c,0
82fa6421,0
743352a8,0
e56f2b2c,0
41c2e4a1,0
d0e51234,0
283b12a8,0
456b8c46,0
4eb3047f,1
ce53d2cd,1
cff5723f,0
26e90b2c,1
9c21da3f,0
6ef48791,0
6e41a761,0
9c00cff8,0
11f4f8b8,0
aec5e036,0
fcec406b,0
bd1b608a,1
f69ae83a,1
8e0afd12,0
13ac3fec,0
2ad92e60,0
e76f8ce1,0
9eb26335,1
a8e36d7e,0
71059957,0
1346735f,0
02594b16,1
2a019925,0
49fa9106,0
acb2ea28,1
62043b76,1
e69cd0cc,0
235bdddb,0
a7fa6a74,0
946e36f9,0
198c0ce1,1
16e36d5b,1
5fa1e90b,1
90959e56,0
38241976,0
6d13e2a9,0
8c1ae4ba,0
78afc71b,1
30d115a8,0
b69ae1de,0
cebf2834,0
8a431239,1
00fd93c4,1
5138f2d1,0
815ae201,1
b5fb9eaa,0
107b094a,1
8efed405,0
0a004236,0
cbbb8887,0
edd244d0,1
102b5ed7,0
1732bd00,0
0f08c8ba,0
18afdd0d,1
c51e2604,0
84433d4d,0
79896808,1
3000b732,0
25b086f9,0
b7f8a2f3,0
60b5ec13,0
934c3fb0,1
601e0c77,0
b6a29e3d,0
4ef99d5f,1
373b591a,0
457bb670,0
2b3ccb44,0
439502df,0
4634ed1f,0
8dc5cdc1,0
228bc9a5,0
28c8a3df,1
339b3495,0
4bc049d3,0
d2eaa0a0,0
da82823c,0
21f6b63f,0
00954ea7,0
4333e14d,0
05ac9461,1
a9816ec3,0
b5c5d061,0
8304ce50,1
5a0a5095,1
d08f5aef,0
2f435c72,0
cf86a62b,0
305eda2a,1
e660a576,0
c6feb0fe,1
fb10252e,0
e8652c9c,0
c44a37c9,0
bc67932a,0
6d29217a,0
c9bc3ede,0
968ad5b6,0
0222d5e8,0
b7aae03c,1
152b17ce,0
1bda820d,0
e371e9c3,0
28ba6adc,0
7362c454,0
ee39467b,0
3c7d324d,0
69afbcb8,1
059bb49d,0
be8f3089,0
38a585b2,0
84d3be62,0
9b986b8b,0
77ff6063,1
dbace13e,0
142bd911,1
c792bb45,1
d31bdc6b,1
31800938,0
d93cb12a,1
ff38f2a6,0
38051659,0
a55bca12,0
66a7e029,1
657c4bee,1
1827b54d,1
f867e32a,1
d1d2b783,0
d5ab4634,0
b973dca8,1
864febaf,0
00223157,1
246e77b7,1
858a6c1e,0
d7a323f1,0
3cc2e214,0
29d24270,1
4ead339b,1
1f1563c3,0
971ce4cc,1
f7becf37,0
34986174,0
ffbb375c,0
4503a2ab,0
e6206727,1
54c72a6b,0
1ccee36b,1
787029e7,1
b5fc6c2e,0
f115b082,0
ec99a5b2,1
f8977e8f,0
51bf8083,1
fc47a589,0
74e2f7ae,0
2fbfbd74,0
91ae59d2,0
2180c7f2,0
13acc560,0
bc22ca7c,0
cc658900,0
e6683ce2,0
a5551660,1
a5bc8102,0
14dc8a48,1
868f9170,0
379942a6,1
647caaba,1
51bd46ef,0
77703909,0
fafb8b3f,0
3b628a2a,1
52a2fe6e,1
4464e730,1
82bbb6dd,1
f4193630,1
8fb13bac,1
265caf27,1
e8f7bf13,1
b415ebf2,0
a777b00c,0
76a5a4cb,0
97033ca0,1
b705dcf7,0
6a493e51,0
f47f835f,0
ae8deb6c,0
f756445e,0
ae6a16b0,1
6d95c643,0
e907315a,1
245bd2bf,1
6444e7e0,0
ba90e3d1,1
19992dbe,0
9534f5ef,0
6fb16ce8,0
0ff890ca,0
2448b9ba,0
a2c34311,0
2a34d796,0
34f8dc77,0
a0dfaaba,0
49d11c20,0
3fb65fda,0
2c5f588c,1
64aa495b,0
c8926bdb,0
28357836,1
867768cc,0
a428fce9,0
bd09c7a7,0
0e6ea668,1
1e502a44,0
49dc0c14,0
f97a64a3,0
f80ce2d4,0
3cb1c783,0
23eeb2f3,1
1d96534a,0
b39fd997,0
74a26aa2,1
a91e8953,0
2f0457b9,1
3d094252,0
b7580e4f,0
7b13e02f,0
c0155751,0
62fb6633,0
34778bc7,1
c3f190e1,0
e8b54124,0
af6ab3bd,0
43fe9735,0
037c4d68,0
6e5cd3a4,0
19dffca9,0
33da3f19,1
50e819f4,0
c015c2cf,0
530575e3,0
029ba663,0
95aff7d2,0
12402543,1
c20ec9ff,1
191a8202,1
685ea69b,0
a9a7fb5f,1
b54ddf82,0
1db05537,0
a5239cc6,1
32d8deb1,0
cc6db833,0
a2311fdd,1
0fea975d,0
05185521,0
2598379a,0
555a2bda,1
aba89cba,0
44ba4333,0
819bc004,0
a08cf0a3,0
51955382,0
b8734a39,0
446007e2,0
359e53dc,1
cf6e2dba,0
98f50124,1
a0cdc5c7,0
7f9b53f6,1
a8a94f5d,0
8893327c,1
af0960bf,0
469e4b3e,0
6a9b2c82,1
96f23bb9,0
4a2f5a18,1
e3b30df9,0
026d4704,1
a11f5ecb,0
3b867921,0
b5e9bc59,1
0d0d580f,0
2bf3badd,0
2a413806,1
0d9734fb,1
829fa9cd,1
ba841c35,1
f2afe9e7,0
866df39d,0
8d339201,1
d14917a9,0
a57072a3,1
bace0a7a,1
5ff290a5,1
2cf68c85,0
ba3470c1,1
10e087fe,1
4c61abb7,0
6da7b44f,1
cc7ffe4f,0
84cb5470,0
068272e4,0
c00ddd0c,0
1b5c58b0,0
d372fa90,0
4e240f83,0
4fe503fc,0
3d90bfda,0
8ca3e727,0
25d4343a,1
14bedd66,0
4522f1a7,0
f3d8c2df,1
2632a49e,1
41d4c3cc,1
15575cd9,1
6a66a67c,0
78f5d183,0
5d0d009f,1
2a638d62,0
ed117f88,0
d2684169,1
662864b7,1
356fcacb,1
1dad8e28,1
60d75d8c,0
e62dceb4,0
41c2500b,1
dd2e51e6,0
c8284385,1
26cc8007,1
8a0bd479,1
985b9e0f,0
2ae0ff65,1
ea699f5b,0
887939bd,0
16589e69,1
bc019859,0
9ca232da,0
308147af,0
262c48a1,1
53923057,0
330db65b,1
abc3a705,1
2ad5f27a,1
9f12c79d,0
2fdb1596,1
951b8ef8,1
33af9827,1
7a87e767,0
c865a5b3,0
155326b3,1
4a71c323,0
68137cb6,0
f1f73488,0
bfffeb8f,0
35d7472b,0
d915ef40,1
c86d2f83,0
fa938ea0,1
0c355848,0
e04ff351,0
1fa89934,0
449c93b3,1
d76b7df5,0
d0161f27,0
40c734d2,0
b3f14edd,1
db6feec2,0
d20422ea,1
1980dd03,0
8a0025ab,1
838a86cd,1
9de3212a,1
f90fa7b5,1
cf737c06,0
c375d757,0
9cc36bcf,1
0883b660,0
d72b5cad,0
c4b18699,0
927a6c1e,1
f1b67856,0
7d71b3f5,0
21688eb7,0
da99cc3f,0
6f34377f,1
311fc7ef,1
6d2487b6,0
4366b2ae,0
10a58edd,0
a339e24a,0
7f7453c9,1
e2cb4e62,0
5c5adee4,0
2d5816c0,0
0bdbefb3,0
1f782c2b,1
ac02fba7,0
0a0912e5,1
c6250340,0
fcd7c544,1
4a1e32f2,0
1babe691,0
f3482567,1
9f6fe271,0
187ac9b5,0
3b3937d6,0
a6c9b82e,0
25b6e375,1
69cc11ae,1
24c70961,0
8c4e9d53,0
a3b763d7,0
4a2dd29c,0
3d218a8b,0
b5e45f04,1
638e53d5,1
9b553771,0
4c7ce1bd,0
5522e810,0
0b620edd,0
a38951d2,0
75df82c8,0
532dd2a1,1
1dd6bfc4,1
e5641a1c,0
85e47b59,0
edd77684,0
6b13333f,0
351376ea,0
03873ac8,0
d08f315c,1
173afaf2,0
cdd0054b,0
1e0363bc,0
ea4d9676,0
d701c163,0
943c2b2f,0
290cafb7,1
2709ec18,0
8fd6b515,1
ce2e1376,0
8d2dece6,0
b43c3cd5,0
7ce10cb4,0
170f2cc3,0
c4f925d1,0
e0cf9e7f,0
e5153e3a,0
391f53cc,0
26d062d1,0
be91d9ac,0
52e04763,1
5a707b20,0
c3c33a75,0
021854b5,0
e954f1bb,1
728b305b,1
a1ca3e66,0
ea24904d,0
3dad7f9d,0
dea4abbc,1
87dbe717,1
7c86a2ee,0
fe0f4629,0
ded84a5e,0
2447e188,1
f71fb974,1
99ecf37c,1
f362473d,0
8a6e9948,0
42871927,1
7b64182a,0
b1adf051,0
b6c5f2f2,0
044a6a93,1
0fb4ab3d,0
ded54203,0
6c3ca4d4,0
448e54b2,0
6ecc6f0d,0
649270e5,1
7253fbf5,0
7c4ea133,0
ca985e55,0
1d71f14b,1
97bed36e,1
d1959f71,0
743ba66a,1
bbabbd50,0
55586997,0
0a867b91,0
5a8478c3,0
3fba104d,1
ed24af42,0
5d93345d,0
3356e775,1
45df409a,1
b51e5d61,1
be73ebd0,0
8c28feed,0
61156ded,1
8f6aedb6,0
2d746b93,0
4b31de98,1
4e6e20bb,0
c74efb1e,0
c4329f42,0
dd56cb7b,0
5094ded4,0
0b655ecc,1
a29604ab,1
d0c99094,0
6ca10b2d,0
265aa3b3,0
f5b53f25,0
1299ae6d,1
ada76845,0
2cbd7e48,0
5c096816,0
d7fa27c8,1
9b322202,0
58bd4dab,0
18a76743,0
75f7a03e,1
d6ba4dbf,1
c98d00cf,1
58d69294,1
ea009664,1
6b250599,1
df1cb0c4,0
8dc25a58,0
956a22e0,0
fb70b2b8,0
95f6953b,1
21d41c94,0
6cb9499a,0
9ec679f1,0
68fca7fb,0
7b965946,0
c43aad53,0
3fcfbc89,0
9583948d,1
45e453e0,1
110007eb,0
02fc99b3,0
a3974085,0
6d70ad46,0
ec18a2ff,0
5902a42d,0
d29038c0,1
c3926d02,0
d1927462,1
1917e033,0
e1fa9bbb,1
601efb58,0
0b7070bf,0
3b661430,1
100fa4e0,0
24066092,0
7e6b0777,0
7fe58111,0
24b2479d,1
9495c87f,1
d3137beb,0
5d2c6b27,1
ac0b4447,0
ab0bced7,1
df6c6f84,1
ee577eb6,0
9aa278b4,0
ee02224d,0
318fa2dc,0
5399de19,1
a03ba61b,0
0fac0084,0
2c962bc2,0
200a6bcf,0
f852b757,1
2ac72411,1
46cc2b3b,0
1187893d,0
40cf43dd,0
eca85972,1
7d624eb4,1
2612e9cd,1
8b8e6063,0
339e00ea,1
27a8a576,0
ab66dfa0,0
8d04fe77,1
083f9ac8,1
82008f42,0
f743c49c,0
95469cbf,0
6bcc0b87,0
6de3d22f,0
3b5751b8,0
3f470409,1
4becb007,0
f3b68119,0
11103347,0
8a85c8e3,0
6c981f1e,0
5641a716,0
ed9fee19,1
af7a006b,1
84bf02a7,0
9ffabf9f,0
a58521f5,0
13c80d03,1
0a58f5f8,0
f077b10e,1
052054ed,1
15c00980,1
8ec03d30,1
23521400,1
e867e3f9,0
21aa2e16,0
00249e1f,0
d1656f7b,1
fe9188b3,1
54d7af98,1
43c923a1,0
eadf2306,1
caec92f4,0
25e2fe42,1
76ffa95f,0
cf0ab5a5,0
aaca6a70,1
2a5209b4,0
39c27701,1
4035d3ea,1
8318fcde,0
5527153e,0
5d823906,0
8ca36327,1
b9277d22,1
5b15f9d3,1
2390683f,1
abb312ed,1
9072d429,0
940d0b8f,0
a3e0910c,0
abe31a28,1
69c0a941,0
633faab9,0
4bdd7bbc,0
5d82bbe1,0
7d3b1986,1
98ebc858,1
0c6b9bb5,0
a83f6e22,1
f41e3146,0
ec8ea3af,0
56a931cd,0
cb20b6c1,0
7f48dcd1,0
a32dc9c0,1
3d5fb023,0
d2e44ba2,0
8965bb3d,0
49fdd423,0
ef2ab8cd,1
48e1d992,0
402c825a,1
5eac17f0,0
a10efbd4,0
d9f7f95f,0
5bf31b60,0
70045d4b,1
b7789bb6,0
02b1e5b7,0
c596a1c4,0
2dbaa462,0
7498b3d8,0
d5fbf1eb,0
302bd3bf,0
a63067fb,0
cef070a2,1
6654d5c8,0
5a3736b2,0
e585e766,0
1b4da250,0
6d9f1452,0
efa25d40,0
149dfb81,0
be06e271,1
42279b13,1
b600a1ab,0
71400596,0
cc124908,1
66c9cd86,0
913ee2af,0
9d402a36,1
5b25d3d8,0
65bc4077,0
772b20ae,0
798fe7b2,0
59bfff03,0
92929a73,1
fe5ab671,0
e2170b2c,0
83fa3bc5,1
e670dfdf,1
37bc6408,0
9c3c5f3f,0
a49fe469,1
0c63fccb,0
d7fb5173,1
60ecfdc8,0
226b1263,0
106fd8fa,0
803b8514,0
e97566aa,0
f6f820f5,0
833adc8e,0
6309bb12,0
23e36f59,1
6f418c4e,0
4260508f,0
91ad5d34,0
2ee44d15,1
509542b8,1
1265da52,0
83324e5b,0
7a55b2e3,0
07f136d6,1
66975218,1
eff45797,1
cd0c5c03,0
ea6fa8de,0
d721d80b,0
8871f2a5,0
6d2342c0,0
51d8e4da,0
82ac0e2c,0
e6109800,0
9cc7e277,1
5849e72d,0
0dd96135,0
104fc15b,0
f458a797,0
1e3152fc,1
b6fceb9e,0
fde08372,0
47122110,0
0b9b91ad,0
4ff2068f,1
9955187a,0
29bfacb9,1
a90eda03,0
9855cd9e,0
c5cd68b6,1
fba38c5d,1
f18961b0,1
2c416ed1,1
dfb5e649,0
eae0e86c,0
d58b35bd,0
3c62c03e,0
6ed11a44,0
4153322f,0
4274ce7f,1
887ec410,0
93be1652,0
279294e0,0
d01c6e0d,0
1eaa2f02,0
a9201287,1
b5075e1e,0
4e26df83,0
be216cab,1
a1bccb8d,0
9a5404b7,1
00c3a10e,0
a2ceb0ec,1
bf67f827,0
b029a3ed,0
dd5292e8,0
6c90fab1,1
8369b177,1
7976da29,0
094bf38c,0
51fd41cc,0
d742be7c,0
a83706dc,1
38b117f8,1
2c63cfc8,0
215dc818,0
e4dfacdb,0
6b6d533f,0
0b480d56,1
20ead0a5,1
2bbf4955,0
faacafc9,1
992b1372,0
9e09e334,0
dd86fde8,0
a252185c,1
5c6b3949,0
1660c99c,1
8fe73085,1
e00d20e6,0
f7fc384d,0
f2e063aa,1
52f8585d,0
c551b0e9,1
0ed47d4d,1
0d698ab2,0
63fdc1a7,1
7dbad687,0
33d29b25,0
d682ab76,0
4aca0441,1
aa128006,1
ebb7925a,0
e229a299,0
1c7343d0,0
72ebe2c9,0
6bc5680c,0
67f13a60,0
2e435fa8,0
75f2421d,0
430b4727,1
6dd16466,1
e2faa83a,1
a7cd4fa1,1
46b4d204,1
0d3e9f43,0
818f54df,0
75054cf2,0
91872133,1
9d3f85a4,0
4e352dc6,0
69d9c911,1
5aedb621,0
9f5c1dc1,0
e3fbc3f2,0
724ee66f,0
0d11c8f5,1
8f8c3e19,1
cedb59e7,0
b0692f5a,1
ebfed762,0
4695428f,1
39ee7dfe,1
a5925a6b,0
ad7c0ed1,1
f6d6a9f4,0
2e2d796e,0
ded1fb98,0
15069029,0
f2e1b7c6,1
187c2eaa,0
e1e7a430,0
f2e4a752,1
c4a908fb,0
83c96e2d,1
68ad1d21,0
199c58e4,0
7db2bfb3,0
8e7fa400,0
56c0dd48,0
90024aba,0
01dddcc1,1
875e1a33,0
1655a603,1
ae80e3ca,0
5e0bc081,0
9028a505,0
8f40ed14,0
ca7d5e4c,1
e3438833,0
9c41d95a,1
aabfac60,0
ecc517ba,0
0c91aab3,0
3cdc69a4,0
a9c1fae6,0
89d90dfb,1
945b3eb0,0
c10b11ec,0
37c34dbb,1
1d3998d3,0
b5c385e8,0
ef85b420,1
94abfceb,0
f5306ccc,0
7db57c13,0
2319dc2c,0
0d389f47,0
3b9b208b,0
02e09aa4,1
9ce6a90b,0
b86f5690,0
3b67ea48,0
53c643d3,0
0b457a23,0
86ece1a2,0
612fa308,1
3a6c44af,0
b16f7da9,0
eca4f25f,1
18712699,0
a78c567d,0
568e6c3d,0
aac0e26d,0
86ee1fdf,0
349c42a6,0
cd8182d9,1
ff6e2f67,0
b0755271,0
7cff9755,0
c099afe6,0
c6b2a621,0
4efd263a,0
81dd68bf,1
427fb4e4,1
6d944cde,1
dcf76a2b,0
d5f9bc9e,1
69345c71,0
43452750,1
65125e1b,0
e5813956,1
b5264b81,0
075e2681,0
459d7f9f,0
1332776d,0
a42663d4,1
835d5fb6,0
3c0affec,0
c9d0b6f9,1
31f1a448,1
74e77adb,1
ff6b18a1,0
e14f4730,0
7b05f3b6,0
4dde9535,0
45f86b70,0
eed16487,1
f409d289,0
d3c176a6,0
920501a6,1
fabd2b8e,0
c904e78f,1
7a984b16,0
c823c4fe,0
4a8fbdcc,0
977306a0,0
d33c723a,1
c87762ac,1
d29f02f0,1
54bd3013,0
bb79f234,0
2d149614,0
a14bbfca,1
a96178f4,0
ef98b25b,1
9331b180,0
cea0ac09,1
fd776f70,0
ea44fbdd,1
46efdfac,0
35fb5c2e,1
38dc5bad,1
5954fe63,1
d387200e,0
2629b65c,0
c9182fb4,0
cde6d4cd,0
647fad09,1
2ba87f1d,0
bd16596c,0
4e9d6b03,1
e1afb3b8,0
a7fe1c1b,1
3022a6d3,0
1c0dc231,0
f03f3f0d,0
9a81b0ba,0
f4630fee,0
26ea7dde,0
5fa5009a,0
0f7c74ed,1
b0227d18,0
e08051fb,0
24e59f8d,0
f8b08106,0
a7e0770c,1
b648cbf7,0
0d364b03,1
d05e88e8,1
3c120cdd,0
b3b70ff8,1
5dcddb69,1
755dfc17,0
e507a7e2,0
adaf1685,0
9c3e8570,1
a39075b4,0
886208f3,0
96d481c9,0
675c4422,0
16cf1f0b,0
ebf1efca,0
e421fe2d,0
c317f71f,1
0eab04cb,0
7acb3c3e,0
74263bc7,1
13702ad4,0
5d829134,1
a5611d2c,1
245199a8,0
3abcbf04,0
61c36ceb,0
5b797607,0
ebfc2c53,0
8904cc43,1
9112966e,0
e3548dbe,0
703051c4,1
de7b1bf5,0
38f4347c,1
fdd3f0eb,1
77f90a4a,1
bd0c5e2a,1
f6998b20,0
e4b491d1,0
2ece3d45,0
e87d0657,0
868f31e1,0
d0a6960c,0
9f056373,0
abcd51cb,0
fff10e4a,1
5fbc948d,0
36fbabef,1
2fd167c7,0
5ad6a8a7,0
c82b7aa2,0
a2a8555c,1
f0d6d930,0
98145b5b,0
eab08743,1
dbc22c86,0
fb2b6717,0
3ec38627,0
d6a4d89d,0
c8e11113,1
b70316f6,0
a3c68e80,0
e5a27018,0
ec38a6c7,0
7b2f0377,0
1a97ed6b,1
41a6c6ee,0
47efd3ac,0
04336b06,0
b1dd867e,1
4b23abaf,0
cd1d885c,0
652b83c6,0
e19b9815,1
75bf1cf3,0
ce3fed25,1
98e9e4d2,1
bcad4242,0
4f4fd701,0
117c2d63,0
8e27ead6,1
f443a8e1,1
8a03ac39,0
452e1140,0
e6d62a85,0
510f530d,1
472fbc7d,0
e1f2c144,0
269d3537,0
29fe167f,1
d77875c0,1
c31ff321,1
ebab9278,0
b04bb287,0
97188a6f,0
54fa7b3c,0
b784017f,0
410e80b2,0
49db6e2f,0
f403fbcf,1
3f1db295,1
4138c9a5,0
6cbc51cb,0
a97b42f2,0
6a732053,1
df820c87,0
e5538c1a,0
3bd1450c,0
821d37e7,0
805c1c50,0
fc0e0c21,0
5ab4e00a,1
c7276a52,0
fc25e606,0
043050b7,0
e099738b,0
a4e74e4c,0
2617d296,1
743f4224,0
8e914008,0
4064839f,1
05f77a2a,0
7f339e96,0
9e3e4cbc,0
b7c914a2,1
34892719,1
07614c56,0
974b3cfe,0
ba66e238,1
f5bd88fd,0
1686effc,1
d3967c38,1
0c63a457,1
9a1db7e2,0
76598d26,0
841a191d,0
d051c4fa,1
7b25609c,0
ed9b8679,0
36a696b1,0
c987f927,1
88005bc1,1
5e0abe78,0
55dc1ddd,1
e3f8e31c,0
551ed0cd,1
faff9628,0
e0d6b14e,0
db48c853,0
43be5a94,0
611f2293,0
ef520288,1
60915b70,0
9e288831,0
68a70846,0
f5fcf733,0
2d67e7ea,0
d4687fa0,0
b4c37691,0
dbd9ea7c,0
b60f4c00,1
3e154a32,1
80063617,0
c730342a,0
57d5630b,1
d8bc551d,0
3ce8283e,0
7fafed05,0
f57b168e,0
aa35f46f,0
08a09b64,0
e1cc7e03,1
326c9747,0
a32bf055,1
669b5034,1
7a9d520f,0
07111e42,0
72ec62a2,0
7c5dafe2,0
6316d29f,0
02d0d005,0
8b043e17,0
6402f002,0
88befcbe,0
bd95994e,1
06951169,0
6a3ef7af,1
385ab1e0,0
087af27c,1
7bc14e78,0
9fb1d002,0
018daa81,1
eb837277,1
cd1bba66,1
22c5d59a,0
c06a3211,1
1ad9bb53,0
2d600c94,0
53242ab7,0
11750814,0
eee6f2b7,0
131cfdc4,0
354d149f,1
8fad7ab3,0
4bb032f5,1
e955c532,1
6595a6d0,0
abe75be7,0
051a2ad6,1
c4e9f8d3,0
ef0d6ac5,0
356ab229,1
cbbc9521,0
5c82f4e6,0
276abca7,0
3913bcca,1
3a843002,1
f0edad49,0
147674fb,1
029ee42e,0
68f43cd3,0
46cebcaa,1
f470fbca,1
4d0ea3e3,0
12aadf7c,1
11591e51,1
0230bb99,1
6006817b,0
9c6b408b,0
5c98aced,0
4530021e,1
6c1c9a34,0
241b2058,1
cbce031b,0
d4a75026,0
47c8a10f,1
2b1f5779,0
92072ca4,1
f2846895,0
22d929eb,0
9ed5b2d4,1
3c7c38d6,0
1522f1a9,0
4ff44883,1
6e9f5f3d,0
2b22e258,0
6a419a8e,1
c39e1bb9,0
c6a1cf23,1
a007994b,0
4ecec768,1
8fc35929,0
0fbdcc71,0
443d5f9e,1
e86df9de,0
95df3143,1
82a49ba1,1
b96aa7fb,0
82dc9953,0
68ced00e,1
54b3279b,0
6b5691c1,0
cd9931db,0
5e8d48fd,0
307b3249,0
3cd579cf,1
7b34a505,1
43f1ddbf,0
e59f4f70,0
f62b4240,1
c15e6d73,0
63b78f88,1
2279829e,0
b3a4ac78,0
0d4e320f,0
b8892e15,1
4decb64d,0
51a6a3f2,0
c59d3f2e,0
8a41a83c,0
469e27a2,1
9d70791a,0
8adc30e4,1
29512894,1
44755f65,0
72364ebd,0
105a9e77,0
cffea91e,0
e4767bcb,0
5a92f41a,1
c9679b72,1
787e40b1,0
b2bcfea2,1
d51db632,0
4c188a93,0
101492d7,0
74653ad8,0
146f7d2d,1
5a27b148,0
97b7012a,0
366386ce,0
9924c9de,0
38b4359e,0
92df8967,0
07b15f20,0
9fd160bf,1
d20796fe,0
5f0f8295,1
0ebe0a1a,0
6e2274e7,0
3e79217a,1
d1032fc3,0
82d4fee5,0
680a59bf,1
bdaf1d1c,0
a534ee47,0
61548702,0
8b026596,0
bcfbc318,1
64328172,1
eb9cc246,1
dce88fd0,1
edc91f88,1
4206c187,1
7643d9d0,0
5f0c249b,1
951afae8,0
94051442,1
bd792ff9,0
d23306f5,0
ed7ad7bb,0
507610a0,0
6aea31ec,0
ec764a6e,0
67b4a6d6,0
00035576,1
170a9bfd,1
539cb907,1
2aec155b,0
20ffa587,0
273dde2c,0
5cb7beaf,0
6810f0c2,0
0aeaf1b5,0
75527263,1
933d507a,1
e1a56d8a,1
b1dd9673,0
a475aabb,0
40f02f4b,1
92a831d9,0
2489b826,0
df2915a4,0
f54f20a7,1
b403b75f,0
cf9a7091,1
e60b0663,0
d32819e2,0
d729f9de,0
5d60d2c7,0
5766ec3e,1
49a23774,0
f3722bf0,1
b5a46bc5,0
58559f6f,0
996fc09e,0
a11dfffb,0
c718f794,0
8922fc4f,0
2eb1abd2,0
1af55990,0
dab2ed60,0
521e8443,0
d0db0994,1
1c823ded,0
466eff83,1
ada6df77,0
79760052,0
c990ddb5,0
bc7b5712,1
d1cb59f5,0
9a4252a0,1
d1fb1027,1
50d3c116,0
618194f3,1
91df387a,0
36984dee,0
4720758d,0
5d814abf,1
54a233f8,0
49a9428b,0
de6dfacc,0
ed95e97a,1
cbd9c108,0
feae3377,1
68950ac0,0
d40e2e1d,1
e4bbac49,0
bc75b07a,1
99dc3ee2,0
8af480f6,0
b7d610d3,1
7c0ae08d,0
bf992bd9,0
b21b533f,0
cd66f392,0
e9c3515b,0
a1a54fef,0
4086f1fb,1
88dcbafd,0
3c1adc01,0
86d2ae62,0
92920c82,0
b90c5dc1,0
6af954f6,0
cd016881,0
c9186de2,0
add4e8f4,0
be624280,0
fba76d3e,0
82774f2c,0
263a2ae1,0
abcb5c76,1
52026364,0
0a35fb24,1
39567c2f,0
ae38a480,1
dac0f6b3,0
6093f8dd,0
96348e8d,0
1fb31872,0
99bb0b10,0
82e077df,0
bbba2301,0
93decbf5,1
d072ab91,0
29fa9587,1
2546b310,1
61553ed9,0
e4bab46b,0
988e977b,0
0fd36a5c,0
439a00fa,0
f9174b47,0
7428183c,0
5f0b5941,1
38fec85c,1
e6c55597,0
13d155fb,0
06b7a43e,0
96b93de4,1
ac485488,1
8fa15e5d,1
3e288e6d,0
df7ef4e8,0
fba8302b,1
32ad4d4c,0
2168f491,0
6e4af35d,0
b0bbb8de,0
8e1edad0,0
fa1d7bc2,0
4fadbe1f,1
37a54797,1
f6c91f1e,0
ed4445af,0
8ab6caba,0
275fc5bb,0
51cfb9b6,0
b6e2ff30,0
3f86d26c,1
7602c792,0
4a6c4bc1,0
f60c60d1,1
b5cc010c,1
ab35bf7e,0
01d7c9df,0
e7ddd899,0
0daeb2d2,0
76eac2d6,1
8e2b29e0,0
0bdf8c9f,0
42667039,0
8d1fb77d,1
459074c1,0
ffcbbfe0,0
932d4f8f,0
05ebbb7c,0
2c4d109f,0
f7d873b4,0
c71333c4,1
6661ea28,0
dcdc3fe3,0
55451adf,0
861ef5b2,0
b837b6da,0
b5e00b99,1
42aae281,1
276495e2,0
0fcb0786,1
ce6752d0,1
42e07b0b,0
f6097082,0
e72ea7da,0
eb45b3be,0
ba846c3d,1
45993e3c,1
524bef75,0
f3293de9,0
ae4d8c9c,0
78a9d013,0
3c11b3f3,0
8425bafb,0
8072ca63,1
f97eb1d9,1
d6d990b5,0
9a37d3d2,0
3a5529ab,0
522c8452,1
21491169,0
a0910273,0
f4a8c3bd,0
ba33a162,0
46eeac7f,0
1eed9251,0
174c9e20,1
961bad68,0
c5326e6e,0
2a177a4a,0
8fc7d865,0
dd50d0a1,1
4132edb7,0
b5023a92,0
ec28fccd,1
89c7df12,1
7b76f00c,0
916aeff2,0
d35b1e97,0
173f56a7,0
b3463392,1
90c8a0f0,1
0fb608a0,1
639dea6e,0
909d3f84,0
b9bbb53e,0
0fb8239d,0
0fcda459,0
2ddbc441,0
a58161f8,1
d980a1e7,0
2401b1af,1
9c8f4bee,0
35d9bc93,0
d721de9d,0
1fb1f43a,0
e4e012ae,1
29eb761b,0
dfe5133f,1
c64f5339,0
b9932399,0
31f3f9f9,0
9088cb76,0
448cc28f,0
3a4c3034,0
0357ff98,1
a53b661d,0
1755a909,0
6a154e35,1
0bf12d5c,1
438f3f5f,0
fa34510f,0
6248653f,0
260afec7,1
efb66481,0
767f9155,1
a232d32a,0
1aeeb914,1
aade1733,0
d299325b,0
fefc2966,0
50e3e86d,0
aa4bb54a,0
09ba38bc,0
252fd281,0
cc8e0019,0
f894358a,0
fa0f4871,0
9ac59e40,0
0b8c7030,0
3cfb933b,0
19380345,0
c613f8a9,0
68f2ffea,0
f6a39d28,0
ce1e9be8,1
cde83b21,0
89dd5ba6,0
f1fd6990,0
ae2e2122,1
ec2156e6,0
2db21337,0
fba0352f,0
5f0d54f5,1
3d510eff,1
01ec0d21,0
0dda672a,1
2eeda76b,0
35befe8a,1
3a6566d0,0
38c8204a,1
62f2b1e6,0
885e065a,0
98e8b685,0
400952d1,1
29ab7fb8,0
a253c59b,0
37a7a9e3,0
94981aa9,1
e9194d0e,1
214a29ab,1
47a24cae,0
ea525219,0
df506f44,0
4c56d11c,0
c64db824,1
81c0b5d2,0
9216f5fc,1
4a21105c,0
b82f3091,0
635dfe88,0
1a68cbfe,0
f6211117,1
bb22f84d,1
96205448,0
79c811f9,0
9f6a8041,0
11295371,0
d67a4636,1
4f9007b0,0
b121511a,0
8c8b37e1,1
07a48b2d,1
e8455eef,0
64f98b6f,0
47576fe2,1
2a7601b3,1
290cbb0f,0
f495bd2d,0
fbbb2942,0
7903741e,1
917217c3,0
fe540f21,0
5910805a,0
548e2cf2,0
cad4e012,0
96449f86,0
7e8ad36c,1
17a134dd,1
2c4063ec,0
59c2c851,0
2ce321ef,0
c979a278,0
291db8a9,0
f0cb3582,1
e25dae4a,0
d6347afa,1
8e0567e7,1
c573daf5,0
732ba272,1
abdef771,1
4c745050,0
bebf6a59,0
967a5dc1,1
b45b35ae,1
cac37bb8,1
3add60d3,0
4940aa75,0
43ebeca9,1
b41a014b,0
a9175ba0,0
f8105eb0,0
11715879,0
3300f3a3,1
7e6c79b8,0
b8d71180,0
a752e3c2,1
d5d3791a,1
7d82ac35,0
f687afd6,1
fa091af7,0
ff137853,0
b935196e,1
98f657fe,1
22b72223,0
cefd93f1,0
93f9e892,0
4881e19f,0
688c4f64,0
bcd94409,0
351e7655,1
